id,collectedIssuesId
26620,26616
26620,26613
26620,23997
26620,23807
6181,14838
6181,14837
6181,14836
6181,14912
6181,14901
6181,14890
6181,14879
6181,14868
6181,14857
6181,14846
6181,4372
1308,546
1308,610
1308,728
1308,681
23033,23485
23033,23484
23033,18423
23033,23309
23033,23308
23033,18422
23033,23483
23033,23307
29131,23850
20919,15938
1433,933
1433,847
1433,776
1433,574
1433,744
1433,716
29452,29453
32533,92
16666,4473
16666,4318
16666,4221
16666,4111
16666,3985
16666,3145
16666,3040
16666,2480
16666,2479
5872,9475
5872,9474
5872,9473
5872,9471
5872,9470
5872,9469
5872,9468
5872,9467
31495,25325
27188,23934
27188,23744
27188,22876
27188,22475
27188,21710
27188,21508
27188,21330
25940,25939
25940,25938
25940,27577
25940,24241
25940,24040
24514,20674
24514,17353
24514,6120
24514,5674
24514,5034
24514,4736
24514,4253
24514,4022
24514,2161
24514,2842
24514,1719
24514,1626
24514,1436
24514,38
24514,927
24514,843
24514,1808
24514,531
24514,723
24514,660
24316,26923
24316,20993
24316,20663
24316,17618
24316,17378
24087,23610
24087,23117
24087,23116
24087,23118
24087,22920
24087,22919
24087,22918
24087,22512
24087,22514
24087,22513
24087,22306
24087,22307
24087,22308
24087,21982
24087,21983
24089,23161
24089,22985
24089,22566
24089,22376
24066,20680
24066,17640
24066,17399
24066,16547
23884,23167
23884,22991
23884,22575
23884,22384
23884,22052
23879,22355
23879,22356
23879,22029
23879,22028
23879,21787
23879,21589
23879,21416
23879,21415
23879,21274
23879,21276
23879,21277
23879,21273
23879,21275
23879,21272
23890,10168
23890,10167
23890,10166
23890,10165
23890,10164
23890,10162
23890,10160
23890,10159
23890,10158
23890,10157
23890,10156
23890,10155
23677,21968
23677,21967
23677,21536
23677,21535
23677,20999
23677,25378
23677,20863
23677,20668
23677,17624
23677,17623
23677,21907
23677,5815
23195,22471
23195,22265
23195,21936
23195,21708
23195,21506
23195,21325
23208,22527
23208,22332
23208,22001
23208,21767
23208,21572
23208,21398
23208,21252
23208,21034
23217,16122
23217,15939
23217,13438
23217,13479
23217,4445
23217,4290
23217,4145
23217,2412
23217,2303
23217,2183
23217,2383
23889,13714
23889,13713
23889,12171
23889,12170
23889,12169
23889,12168
23015,23388
23015,13878
23015,23518
23015,7411
23015,14347
23015,14346
23015,13246
23030,12146
23030,12145
23030,12144
23030,12142
23030,12141
23030,12140
17472,6193
17472,5956
17472,6039
17472,5797
17472,5892
17472,5658
17472,5481
17472,5532
23037,18311
23037,18342
23037,11711
23021,7331
23021,7330
23021,7329
23021,7328
23021,7327
23021,7326
23021,7325
23021,7324
22606,18311
22606,18342
22606,11711
23020,7331
23020,7330
23020,7329
23020,7328
23020,7327
23020,7326
23020,7325
23020,7324
22601,18311
22601,18342
22601,11711
23032,18311
23032,18342
23032,11711
23057,23314
23057,23313
23060,23314
23060,23313
22609,12560
22609,12559
22609,12558
22609,12557
22609,12556
22609,12574
22608,12560
22608,12559
22608,12558
22608,12557
22608,12556
22608,12574
22600,23318
22600,23317
22600,23316
22600,23315
22617,9361
22617,9350
22617,9339
22617,9328
22617,9648
22617,9637
22617,9626
22617,9615
22617,9604
22617,9593
22617,9549
22617,9438
22612,10621
22612,10619
22612,10618
22612,10617
22612,10616
22607,18244
22607,18239
22607,18238
22607,18237
22607,18236
22397,21520
22397,21340
22397,21189
22397,20981
22397,20847
22397,20654
22395,17575
22395,17595
22395,17615
22395,17576
22395,17334
22395,17356
22395,21915
22395,17336
22395,17205
22395,17223
22395,17241
22395,17206
22395,16600
22435,11855
22435,23305
22435,11854
22435,11852
22435,11851
22435,23304
22435,11850
22435,11849
22435,11848
22435,23303
22435,11847
22435,11846
22435,11845
22435,11844
22435,23299
22435,11843
22435,11841
22435,11840
22435,11839
22435,11838
22409,9673
22409,9786
22409,9775
22409,9764
22409,9753
22409,9742
22409,9731
22409,9720
22409,9709
22420,12136
22420,9059
22420,9058
22420,9057
22420,9018
22420,9017
22420,9016
22420,9014
22420,9013
22420,8967
22420,8959
22420,8951
22422,22247
22422,22246
22422,22245
22422,22244
22422,22243
22408,9673
22408,9786
22408,9775
22408,9764
22408,9753
22408,9742
22408,9731
22408,9720
22408,9709
22410,21709
22410,21507
22410,21326
22410,21177
1049,8545
1049,8544
1049,8543
1049,8542
1049,8541
1049,8540
22417,8972
22417,23253
22417,23252
22417,23251
22417,23250
22417,23249
22417,23248
22417,8961
22417,23246
22426,9522
22426,9521
22426,9520
22426,9519
22426,9518
22433,23284
22433,22814
22433,22813
22433,22812
22433,23363
22433,10263
22400,21543
22400,21363
22400,21223
22400,21059
22400,20876
22092,10007
22092,10006
22092,10005
22092,10004
22092,10003
22092,10002
22093,10007
22093,10006
22093,10005
22093,10004
22093,10003
22093,10002
22061,20842
22061,20647
22061,17599
22061,17600
22061,17359
22061,17227
22061,16476
22079,12912
22079,12911
22079,12910
22079,12907
22079,12905
22079,12904
22079,12903
22078,12912
22078,12911
22078,12910
22078,12907
22078,12905
22078,12904
22078,12903
2414,2839
2414,2077
2414,1972
22085,22802
22085,22800
22085,22799
22085,22798
22085,22797
22085,22796
22085,22795
22085,22794
21829,13168
21829,13167
21829,13166
21829,13165
21829,13164
21813,7289
21813,18187
21813,11830
21813,14043
21813,13877
21813,9256
21813,7410
21813,9586
21813,18025
21813,14345
21804,16717
21804,16716
21804,16715
21823,21014
21823,20882
21823,20684
21823,17643
21805,16717
21805,16716
21805,16715
21828,22239
21828,22228
21828,22217
21828,22206
21828,22195
21828,22184
21828,22173
21818,21176
21818,20966
21818,20829
21818,20637
21818,17584
21802,16519
21802,15965
21802,15855
21802,13477
21802,6301
21802,21871
21802,6097
21811,21220
21811,21006
21811,20872
21811,20677
21625,20370
21625,20359
21625,20348
21625,20337
21625,20326
21625,23324
21625,23323
21625,23319
21625,17090
21625,17089
21604,17363
21604,17229
21604,16481
21604,16479
21604,16128
21604,15943
21618,16441
21618,16443
21618,16440
21618,16467
21618,16504
21618,16442
21618,16101
21618,16120
21618,16142
21618,16102
21618,15920
21618,15937
21618,15958
21618,15921
21618,15800
21618,15874
21449,21650
21449,21649
21449,21648
21449,21647
21449,21646
20748,21134
20748,21133
20748,21120
20748,21119
20748,21117
20748,21116
20748,21115
20748,21114
20748,21113
20748,21112
20748,21111
20748,21110
20748,21109
20748,21108
20748,21106
20748,21105
20748,21135
20748,21124
20748,21123
20748,21122
20740,21134
20740,21133
20740,21120
20740,21119
20740,21117
20740,21116
20740,21115
20740,21114
20740,21113
20740,21112
20740,21111
20740,21110
20740,21109
20740,21108
20740,21106
20740,21105
20740,21135
20740,21124
20740,21123
20740,21122
21448,21650
21448,21649
21448,21648
21448,21647
21448,21646
21606,7922
21606,7915
21606,7904
21608,20967
21608,20830
21608,20638
21608,17585
21608,17344
21631,19982
21631,19981
21631,19979
21631,19978
21631,19977
21631,19976
21631,19975
21631,19974
21631,19973
21631,19972
21631,19971
21631,19970
21629,13112
21636,17953
21636,17952
21636,17951
21636,17950
21636,17949
21636,17947
21636,17946
21442,11260
21442,11258
21442,11257
21442,11256
21442,11255
21442,11254
21442,11253
21442,11252
21442,11251
21442,11250
21443,11260
21443,11258
21443,11257
21443,11256
21443,11255
21443,11254
21443,11253
21443,11252
21443,11251
21443,11250
21432,20689
21432,17647
21432,17675
21440,10680
21440,23467
21440,10679
21440,10678
21440,10677
21440,10675
21440,10674
21440,10673
21440,10672
21440,10671
21440,10670
21422,17353
21422,16119
21422,6309
21422,6120
21422,5674
21422,5417
21422,2370
21441,10680
21441,23467
21441,10679
21441,10678
21441,10677
21441,10675
21441,10674
21441,10673
21441,10672
21441,10671
21441,10670
21421,5894
21421,5523
21421,5226
21421,5073
21421,4785
21421,4466
21421,4311
21426,20680
21426,17640
21426,17399
21426,16547
21424,16475
21424,16125
21424,15941
21424,15824
21424,6152
21424,6010
21430,12311
21430,12310
21430,12309
21430,12308
21430,23516
21430,12307
21430,12306
21315,9111
21308,8615
21308,8614
21308,8613
21308,8612
21308,8611
21308,8609
21295,6833
21295,10836
21295,23391
21295,18186
21295,14042
21295,18024
21295,8564
21295,12203
21295,6512
3174,2544
3174,2835
3174,2372
3174,2271
21302,11490
21302,11489
21302,11488
21302,11487
21302,11486
21292,9129
21292,9128
21292,9127
21292,9126
21292,16871
21301,11490
21301,11489
21301,11488
21301,11487
21301,11486
21283,17254
21283,15968
21283,13481
21283,5864
21283,5723
21287,16560
21287,16559
21287,16558
21287,16557
21287,16169
21287,16168
21287,15984
21287,15983
21287,15872
21287,21912
21287,15873
21289,20682
21289,17641
21052,21644
21052,21643
21052,21642
21052,21641
20940,15943
21063,21644
21063,21643
21063,21642
21063,21641
21082,8462
21082,8460
21082,8459
21082,8458
21082,8457
21082,8456
21082,8455
21082,8454
21082,8453
21057,17637
21065,17649
21072,8022
21072,8021
21072,8020
21072,8019
21072,8018
21072,8017
21072,8016
21072,8015
21072,8014
21072,9610
21072,8013
21072,8012
21072,8011
21081,10361
21081,10360
21081,10359
21081,10358
21081,10356
21081,10354
21081,10353
21081,10335
21085,37400
21085,20837
21085,20646
21085,17247
21085,17293
21085,17254
21085,15938
21085,15819
21085,5723
20934,11361
20934,11359
20934,11358
20934,11357
20934,11356
20934,11355
20934,11354
20934,11353
20934,11352
20932,9382
20935,11361
20935,11359
20935,11358
20935,11357
20935,11356
20935,11355
20935,11354
20935,11353
20935,11352
20935,11351
20927,6116
20937,7505
20937,7504
20937,7503
20937,7502
20937,7501
20937,7500
20937,7499
20937,7498
20937,7497
20937,7496
20937,7495
20936,7505
20936,7504
20936,7503
20936,7502
20936,7501
20936,7500
20936,7499
20936,7498
20936,7497
20936,7496
20936,7495
20924,15871
20938,16146
20923,15981
20918,13484
20913,14089
20913,14391
20913,13918
20913,7455
20913,14390
20913,13917
20913,18231
20913,14087
20913,7452
20946,7415
20946,7404
20946,7393
20946,7374
20946,23286
20946,23285
20946,10429
17314,6036
17314,5887
17314,5746
17314,15789
17314,18893
17314,18894
20724,16152
20726,8860
20726,23356
20726,8859
20726,23355
20726,22639
20726,8858
20725,8860
20725,23356
20725,8859
20725,23355
20725,22639
20725,8858
20720,15931
20720,13431
20720,6340
20720,6192
20720,5967
20720,5815
20736,11397
20742,9601
20734,16005
17692,13691
17692,13690
17692,13689
17692,13688
17692,13687
17692,13686
17692,13685
20731,21141
20731,21140
20731,23297
20731,23296
20731,23295
20731,23294
20731,23293
20731,23292
20731,23291
20731,23287
20723,15811
20732,15886
20727,16144
20744,6166
20718,3541
20728,16565
20719,17343
20719,17213
20719,16452
20719,16451
20719,16450
20719,16108
17685,11710
17685,11709
17685,11708
17685,11707
17685,11706
17685,11705
17685,11704
17685,11703
17691,15874
17673,5723
17677,21153
17677,21152
17677,21151
17677,21150
17676,21153
17676,21152
17676,21151
17676,21150
17688,15891
17694,16089
17694,16088
17696,16089
17696,16088
17675,20689
17675,17647
17678,15974
17682,16010
17452,15853
17681,15850
17683,15881
17680,6300
17304,20803
17304,16491
17304,16134
17304,6306
17304,6162
17304,5683
17304,5564
17695,17804
17695,17803
17695,17802
17695,17799
17695,17798
17695,17797
17695,17796
17695,17795
17695,17794
17695,17793
17679,15944
17439,15867
17318,14726
17318,14725
17431,15803
17451,16003
17451,12853
17451,12852
17451,12851
17451,12850
17451,12849
17454,9255
17454,13876
17454,7288
17454,7409
17454,18186
17454,18024
17454,20767
17454,13875
17454,7287
17454,14344
17454,14343
17441,13435
17442,20776
17450,12134
17326,16513
17326,16147
17326,15962
17326,15852
17326,13472
17326,13473
17326,6273
17437,6021
17324,16131
17324,15947
17324,15830
17324,13446
17449,13102
17309,6909
17309,6908
17309,6907
17309,6906
17309,6905
17309,6904
17309,6903
17309,6902
17309,6900
17309,6899
17302,16542
17302,16162
17302,15976
17302,15869
17302,13489
17302,6232
17319,20817
17307,5144
17329,6175
17329,5976
17325,16475
17325,16125
17325,15941
17325,15940
17325,15824
17325,6152
17325,6010
16661,16444
16661,16103
16661,15922
16661,15804
16661,13424
16661,6342
17305,16522
17305,16151
17305,15966
17305,15856
17305,13478
17305,6270
17305,6130
17296,13117
17296,13105
17296,13094
17296,13083
17296,13072
17296,13061
17296,13050
17296,13039
17296,13028
17296,13017
17296,13006
17296,12994
17296,12983
17296,12972
17296,12961
17296,8687
17296,12950
17296,12939
17296,12928
17296,12917
17316,6119
17303,8608
17303,8607
17303,8606
17303,8605
17303,8604
17303,8603
17303,8602
17303,8601
17313,20801
17313,15961
17313,15851
17313,13471
17312,15819
17312,13437
17312,6265
17312,6122
17312,5963
17301,16141
17301,16001
17301,15955
17301,15845
17301,13464
17301,6214
17301,6100
17301,5952
17301,5884
17301,5656
17308,16155
17308,15970
17308,15860
17308,13483
17308,6226
16667,5795
16667,5655
16667,5529
16667,5230
16667,5078
16667,4788
16667,4471
16667,4472
16667,4470
16667,4316
16667,4317
16667,4315
16667,4219
16667,4220
16667,4218
16667,4109
16667,4110
16667,4108
16636,16610
16636,13487
16636,6328
16636,6179
16636,5869
16636,6052
16636,5727
16636,5473
16657,11017
16657,11173
16657,11162
16657,11151
16657,11140
16657,11129
16657,11118
16657,11107
16657,11016
16630,15946
16630,15829
16630,13445
16630,6333
16630,6153
16630,6164
16630,6006
16630,5853
16630,5717
16627,6155
16627,6000
16627,5847
16627,5710
16627,5594
16627,5472
16643,16122
16643,15939
16643,13438
16643,6321
16643,6180
16654,13496
16654,15883
16654,6140
16654,6056
16654,19485
16654,20766
16654,20757
16626,17525
16645,7319
16645,7318
16645,7317
16645,7316
16645,7315
16645,7314
16645,7313
16645,7312
16645,15428
16640,13371
16640,13369
16640,13368
16640,13367
16640,13366
16640,13365
16642,16171
16642,15986
16642,15875
16642,13493
16659,13506
16659,13504
16659,13503
16659,13502
16659,13501
16659,6297
16659,6283
16659,6228
16659,6229
16644,15989
16644,15880
16644,13494
16644,6256
16639,6037
16639,5888
16639,5747
16639,19846
16639,15787
16639,19847
16634,12305
16634,12304
16634,12303
16634,12302
16634,12300
16634,20815
16628,16149
16628,15964
16628,15854
16628,13475
16628,6267
16628,6129
16637,15949
16637,15839
16637,13455
16637,6239
16637,6145
16655,6973
16655,20274
16655,6972
16655,20263
16655,6971
16655,20403
16620,15843
16620,13461
16620,6213
16620,6101
16620,5948
16620,5783
16665,12812
16204,6314
16204,6190
16204,5973
16204,5819
16204,5680
16204,5423
16664,823
16664,751
16664,544
16664,608
16621,15808
16621,15927
16621,15926
16621,15809
16621,13427
16621,6282
16621,6079
16623,5821
16623,5682
16623,5751
16623,5426
16623,5255
16623,5102
16632,15857
16632,13480
16632,6331
16632,6185
16632,6011
16632,5861
16629,15827
16629,13443
16629,6242
16629,6083
16638,15820
16638,15821
16638,13439
16638,13440
16638,6262
16638,6261
16638,6121
16638,6110
16638,5995
16638,5965
16638,5812
16653,15994
16653,15885
16653,13497
16653,6234
16653,6093
16652,14149
16652,14147
16652,14146
16652,14145
16652,14144
16652,14143
16652,14142
16625,5985
16625,5831
16625,5266
16625,5437
16641,15866
16641,6219
16641,6027
16215,15865
16215,13488
16215,6220
16215,6087
16217,15814
16217,15813
16217,13433
16217,6290
16217,6111
16217,6030
16217,5804
16210,8010
16210,8009
16210,8007
16210,8006
16210,8005
16210,8004
16210,8003
16210,8002
16210,8001
16210,8000
16210,7999
16207,13474
16207,6336
16207,6187
16207,6001
16207,5848
16200,13457
16200,6211
16200,6136
16200,5940
16200,5776
16200,5629
16200,5741
16209,18989
16209,10496
16209,10495
16209,10494
16209,10504
16209,18995
16209,18994
16209,10503
16209,10502
16209,10501
16209,18990
16202,11214
16202,11213
16202,11212
16202,11211
16199,5951
16199,5788
16199,5642
16199,5374
16199,5218
16199,5138
16199,5042
16199,4745
16199,4744
16199,4426
16214,16926
16214,17721
16214,17720
16214,17719
16214,17718
16214,17717
16214,17724
16214,17723
16214,17722
16214,17730
16214,17729
16214,17728
16214,17727
16214,17726
16214,17725
16223,11702
16223,11701
16223,11700
16223,11699
16223,17850
16223,17849
16223,17848
16223,17847
16218,20462
16218,20461
16218,20460
16218,18778
16218,18777
16218,18776
16212,5413
16227,13470
16227,6244
16227,6081
16227,5979
16227,5826
16227,5687
16228,20494
16228,20493
16228,20492
16228,20491
16228,20490
16228,20489
16228,20485
16228,20474
16228,20463
16206,13441
16206,6338
16206,6161
16206,6057
16206,9360
16205,13469
16205,6274
16205,6117
16205,5977
16205,5824
16205,5686
16198,6248
16198,6195
16198,5945
16198,5770
16198,5769
16198,5620
16198,5619
16198,5352
16198,5488
16222,13759
16222,17893
16222,18458
16222,13742
16222,13730
16222,13709
16222,10936
16222,7336
16213,5248
16213,5096
16213,4807
16213,4438
16213,4283
16019,5219
16019,5065
16019,4777
16019,4462
16019,4306
16019,4211
16226,15716
16226,15715
16226,15714
16226,15713
16226,15712
16226,15711
16226,15709
16226,15708
16226,15707
16226,15706
16226,15705
16226,15704
16226,15703
16219,13492
16219,6237
16219,6124
16219,6046
16023,13423
16023,6223
16023,6077
16023,5942
16023,5777
16023,5631
16023,5498
16023,5201
16023,5049
16023,4753
16023,4435
16023,4434
15912,17062
16015,5047
16015,4741
16015,4423
16015,4264
16015,4154
16015,4042
16036,16610
16036,5473
16027,11480
16027,11479
16027,11478
16027,11477
16027,11476
16027,11475
16027,11474
16027,11473
16027,11472
16027,11471
16027,11470
16027,11469
15902,10505
15902,10500
15902,10499
15902,10498
15902,18996
15902,10497
15902,10493
15902,10492
15902,18993
15902,18992
15902,18991
16017,6247
16017,6104
16017,5943
16017,5779
16017,5633
16016,5043
16037,4424
16018,10125
16018,9174
16018,9173
16018,9172
16018,9171
16018,9170
16018,10104
16018,9169
16018,9168
16018,9167
16018,9166
16022,6296
16022,6090
16022,6013
16022,5863
16020,5652
16020,5388
16020,5228
16020,5076
16033,3091
16033,20009
16033,20008
16033,20007
16033,10218
16033,20006
16033,10216
16033,20005
16033,20002
16033,19991
16033,19980
16033,19969
16033,8795
16025,6173
16025,6038
16025,5889
16025,5748
16025,18988
16025,18987
15894,6076
15894,5938
15894,5775
15894,5628
15894,5360
15894,5199
15893,5715
15893,4244
15893,4014
15893,3341
15893,2993
15893,2388
15893,2158
15910,5675
15910,5217
15910,4066
15899,6305
15899,6160
15899,5982
15899,5828
15903,16583
15903,16182
15903,15998
15903,13500
15903,6299
15903,6151
15903,6012
15903,5862
15903,5722
15903,5606
15903,5296
15903,5144
15898,5672
15898,5415
15898,5249
15898,5045
15904,6294
15904,6184
15904,6019
15904,4783
15908,19860
15908,19859
15908,19858
15908,19857
15908,19856
15908,19855
15917,12174
15917,7134
15917,13101
15917,13100
15917,8697
15917,6928
15897,6245
15897,6099
15897,5811
15897,5671
15897,5414
15897,5207
15897,5055
15897,4764
15897,4446
15897,4338
15897,4195
15897,4081
15897,3955
15897,3530
15897,3105
15896,5653
15896,5720
15896,5526
15896,5527
15896,5603
15906,13267
15906,13265
15906,13264
15906,13263
15906,13262
15906,8708
15906,13261
15906,13260
15906,13259
15906,13252
15906,13251
15906,13250
15906,13249
15906,13248
15906,8707
15906,13247
15906,13239
15906,13228
15906,13216
15906,13205
15895,6102
15895,5946
15895,5781
15895,5634
15895,5500
15905,6014
15905,15799
15916,15576
15916,15575
15916,15574
15916,15573
15916,9325
15916,9324
15916,9323
15916,9322
15900,20777
15900,5735
15900,5730
15900,5567
15900,5259
13528,5131
13536,5358
13514,6123
13514,5961
13514,5809
13514,5669
13526,5875
13526,5729
13526,5728
13526,5476
13526,5475
13517,5823
13517,5684
13517,5428
13517,5257
13517,5103
13512,5957
13512,5801
13512,5662
13512,5398
13512,5235
13516,5996
13516,5839
13516,5677
13516,5558
13516,5253
13516,4169
13516,3929
13516,3411
13533,15140
13533,15095
13533,17154
13533,17153
13533,17152
13533,17151
13533,17150
13533,17149
13533,17148
13533,17147
13533,17146
13533,17145
13533,17144
13533,17143
13533,17142
13533,16100
13533,16099
13533,16098
13533,16097
13533,16096
13513,6047
13513,5805
13513,5667
13513,5408
13513,5243
13513,5092
13513,4804
13530,17165
13530,17164
13530,17173
13530,17163
13530,17162
13530,17161
13530,17160
13530,17159
13530,17158
13519,5997
13519,5843
13519,5701
13519,5591
13519,5281
13519,5286
13519,4415
13519,4256
13519,4144
13519,4024
13519,3890
13519,3477
13519,3366
13519,3139
13519,3031
13519,2468
13519,2824
13519,2336
13519,2223
13519,2070
13527,6186
13527,6007
13527,5854
13527,5622
13527,18473
13527,18472
13521,6002
13521,5917
13521,5849
13521,5713
13521,5596
13521,5288
13521,5133
6450,5091
6450,4803
6450,4462
6450,4450
6450,4306
13529,5742
13529,4293
13529,4196
13529,4083
13529,3957
13529,3550
6316,15789
13524,5299
13525,5994
13525,5270
13525,5269
13525,5694
13525,5438
13525,5116
13525,5115
13518,5983
13518,5829
13518,5692
13518,5436
6289,5894
6289,5895
6289,5394
6289,5523
6289,5226
6289,5232
6289,5080
6289,5073
6289,4790
6289,4785
6289,4466
6289,4474
6289,4311
13511,5796
13511,5657
13511,5393
13511,5231
13511,5079
13511,4789
13511,4460
13535,13163
13535,13162
13535,13160
13535,13159
13535,13158
13535,13157
13535,13156
13535,13155
13537,5731
13537,5402
13537,5239
13537,5086
13508,5418
13508,5200
13508,5048
13508,4751
13508,4432
13508,4278
13508,4178
6188,5267
6188,5114
6188,4821
6188,4500
6318,5842
6318,5665
6318,5404
6318,5241
6318,5089
6318,4801
6139,5803
6139,5240
6139,5087
6139,4799
6139,4421
6139,4262
6341,5666
6341,5544
6341,5242
6341,5091
6341,4803
6341,4450
6345,3419
6345,3110
6345,3109
6345,14537
6345,14536
6345,14535
6332,6793
6332,6782
6332,6771
6332,6760
6332,6749
6332,6738
6332,6727
6332,6716
6332,6705
6332,6693
6332,16894
6332,6682
6332,6671
6332,6660
6332,6649
6332,6638
6332,6627
6332,6616
6332,6605
6332,6594
6319,14755
6319,14753
6319,14752
6319,14751
6319,14749
6319,14748
6319,14747
6319,14746
6319,14745
6319,14744
6319,6601
6319,14743
6189,5818
6189,5679
6189,5422
6189,5254
6189,5099
6189,4811
6337,5265
6337,5112
6337,4820
6337,4498
6480,5803
6480,5240
6480,5087
6480,4799
6480,4421
6480,4262
6135,4748
6135,4428
6135,4270
6135,4170
6135,4056
6167,5808
6167,5245
6167,5094
6167,4806
6167,4431
6167,4277
6167,4177
6307,5810
6307,5670
6307,5412
6307,5247
6307,5095
6307,4755
6445,5808
6445,5245
6445,5094
6445,4806
6445,4431
6445,4277
6445,4177
6280,4252
6280,3887
6280,3359
6280,3222
6280,3018
6280,2448
6280,2328
6304,4823
6304,4819
6304,4497
6304,4496
6304,4340
6304,4339
6311,5647
6311,5517
6311,5379
6311,5222
6311,5069
6311,5068
6268,5712
6268,5595
6268,5285
6268,5123
6268,4838
6279,6103
6279,5934
6279,5763
6279,5617
6415,5794
6415,5793
6415,5859
6415,5229
6415,5227
6415,5295
6415,5142
6415,5528
6415,5077
6415,5467
6415,5075
6415,4787
6415,4786
6415,4469
6415,4468
6415,4514
6415,4313
6415,4217
6415,4216
6255,9327
6255,9659
6133,5793
6133,5859
6133,5794
6133,5229
6133,5227
6133,5295
6133,5075
6133,5142
6133,5528
6133,5077
6133,5467
6133,4787
6133,4786
6133,4469
6133,4468
6133,4514
6133,4313
6133,4216
6133,4217
6277,5661
6277,5534
6277,5234
6222,13364
6222,13363
6222,13362
6222,13361
6222,13360
6222,13358
6215,4814
6215,4490
6215,4332
6215,4230
6215,4243
6215,4119
6233,12745
6233,12734
6233,12723
6233,12712
6233,12701
6233,12690
6233,12679
6233,12637
6194,5792
6194,5650
6194,5522
6194,5225
6194,5072
6194,4780
6183,16700
6183,16699
6183,16698
6183,16689
6137,4282
6137,4182
6137,4069
6137,3882
6137,3464
6146,6724
6146,6723
6146,6722
6146,6706
6146,11973
6146,13088
6146,10590
6146,6659
6146,6658
6146,6657
6146,6656
6146,6655
6146,6654
6146,6653
6146,6652
6146,16884
6163,5866
6163,5663
6163,5400
6163,5237
6163,5083
6163,4795
6156,10168
6156,10167
6156,10166
6156,10165
6156,10164
6156,10162
6156,10161
6156,10160
6156,10159
6156,10158
6156,10157
6156,10156
6156,10155
6132,5867
6132,5664
6132,5538
6132,5238
6132,5085
6132,4797
6132,4481
6132,4325
6134,20805
6134,4443
6134,4287
6134,4188
6134,4076
6134,3949
6134,3569
6125,16920
6125,16919
6125,16918
6125,16917
6125,16916
6125,16915
6125,16914
6125,16913
6125,16912
6125,16911
6091,11629
6091,11628
6091,11627
6091,11626
6091,11625
6091,11624
6091,11623
6091,11622
6091,11621
6091,11620
6088,19560
6088,19575
6088,8949
5984,5691
5984,5435
5984,5262
5984,5110
5972,5518
5972,5223
5972,5224
5972,5071
5972,5070
5968,5668
5968,5732
5968,5546
5968,5244
5968,5093
5968,4805
5968,4418
5939,4063
5939,3940
5939,3535
5939,3420
5939,3212
6023,12299
6023,12298
6023,9203
6023,9202
6023,12297
6023,9201
5959,5294
5959,5084
5959,4796
5959,4480
5959,4324
5959,4225
5959,4117
5959,3951
5935,4029
5935,3897
5935,3486
5935,3372
5935,3150
5935,3046
5870,6508
5870,6507
5870,6915
5870,6914
5870,6913
5870,6911
5870,6910
5993,15796
5993,5585
5993,15797
5993,4505
5993,3577
5993,2566
5993,3636
6040,5635
6040,5501
6040,5208
6040,5056
6040,4765
6040,4447
5936,4265
5936,17333
5936,4155
5936,4043
5936,3912
5936,3506
5936,3395
5958,8600
5958,8598
5958,8597
5958,8596
5958,8595
5958,8594
5958,8593
5958,8592
5958,8585
5941,4065
5941,4039
5941,3984
5941,3909
5941,3942
5941,3537
5970,7080
5970,19554
5970,8759
5970,19716
5970,8733
5970,10215
5933,5031
5933,4733
5933,4411
5933,4248
5933,4136
5933,4018
5933,9626
6026,10287
5816,3881
5816,3347
5816,1765
5816,1580
5816,1493
5816,92
5857,17138
5857,17137
5857,17136
5857,17135
5857,17134
5857,16859
5857,16848
5857,16837
5857,16826
5857,15698
5857,15697
5766,5188
5766,5034
5766,4736
5766,4253
5766,4022
5766,3475
5858,17166
5858,8988
5858,17200
5858,11971
5858,11970
5858,11969
5858,11968
5858,11967
5858,11966
5858,11965
5858,11958
5858,10206
5858,10195
5784,4327
5784,4213
5784,4105
5784,3981
5768,5189
5768,5035
5768,4738
5780,5246
5780,5053
5780,4757
5780,4442
5780,4286
5780,4185
5780,4073
5830,5263
5830,5111
5830,4818
5830,4495
5648,7149
5648,19748
5648,11528
5648,12909
5648,12908
5844,7354
5844,20628
5844,17524
5844,17522
5844,17521
5844,17520
5844,17519
5844,10286
5844,10285
5844,17518
5844,10284
5844,19032
5844,20627
5761,1649
5761,1560
5761,1467
5761,69
5761,903
5761,832
5825,5429
5825,5258
5825,5104
5825,4815
5825,4491
5785,14631
5785,14620
5785,8063
5785,8062
5785,18784
5785,7023
5785,8061
5785,19868
5785,8060
5785,8059
5785,8058
5799,485
5799,419
5799,131
5799,132
5799,127
5799,126
5799,10352
5799,10351
5799,10350
5799,10349
5799,10348
5799,10347
5799,10346
5799,10344
5799,10432
5799,10421
5760,512
5760,548
5760,706
5760,644
5760,479
5760,430
5787,3461
5787,3346
5787,3114
5787,2998
5787,2401
5787,2581
5787,2812
5787,2843
5762,4033
5762,3883
5762,3466
5762,3350
5762,3125
5762,3006
5782,5038
5782,4782
5782,4740
5782,4422
5135,12573
5135,12572
5135,12571
5135,12570
5678,5098
5678,4810
5678,4485
5678,4328
5678,4229
5618,3628
5618,3999
5618,3629
5618,3595
5618,3593
5618,3591
5660,7567
5660,7566
5660,7565
5660,7564
5660,7563
5660,7562
5660,7561
5660,7560
5660,7559
5660,7558
5621,3164
5621,3163
5621,3065
5621,2529
5621,2528
5621,2527
5685,923
5685,90
5685,845
5685,767
5685,532
5743,13714
5743,13713
5743,12171
5743,12170
5743,12169
5743,12168
5185,3228
5185,2994
5185,2391
5185,2390
5185,2965
5185,494
5638,7308
5638,7307
5638,6934
5638,7306
5638,7305
5638,7304
5638,7303
5638,7302
5638,7301
5630,3943
5630,3538
5630,3422
5630,3155
5630,3106
5630,3060
5705,17754
5705,17753
5705,17752
5705,17763
5705,17762
5705,17761
5705,17760
5705,17759
5705,17758
5705,17757
5705,17756
5705,17751
5605,11911
5605,11910
5605,11909
5605,17139
5605,11908
5605,18467
5605,11907
5605,11906
5605,11902
5605,18468
5605,11914
5637,10154
5637,10153
5637,10151
5637,10150
5637,10149
5637,10148
5637,10147
5637,10146
5637,10145
5637,10144
2523,19728
2523,19727
2523,19726
2523,19757
2523,19756
2523,19755
2523,19754
2523,19753
2523,10262
5127,11013
5127,11012
5127,11011
5127,11010
5127,11009
5127,11008
5127,10997
5636,5411
5636,5204
5636,5052
5636,4756
5636,4440
5640,12133
5640,12131
5640,12130
5640,12129
5640,12127
5640,12126
5507,11468
5507,11467
5507,11466
5507,11465
5507,11464
5507,11463
5507,11462
5507,11461
5507,16681
5507,11460
5507,11459
5346,5082
5346,4793
5346,4477
5346,4321
5368,18360
5368,18359
5368,18924
5368,7782
5368,18923
5368,18922
5368,18285
5368,7781
5368,17824
5368,7227
5368,11774
5368,9526
5453,12770
5453,12769
5453,12768
5453,12816
5453,12815
5453,12814
5453,12813
5453,12811
5453,12800
5453,12789
5453,12778
5453,12767
5453,7839
5453,7838
5453,7837
5453,7848
5453,7847
5453,7846
5453,7845
5453,7844
5543,4798
5543,4482
5543,4326
5543,4152
5431,5726
5431,85
5451,420
5451,120
5451,121
5451,122
5451,123
5451,124
5451,136
5451,14965
5451,14964
5451,14963
5451,14962
5451,14961
5451,14960
5451,14959
5451,14958
5451,14957
5451,14956
5451,14955
5451,14954
5451,14953
5372,7595
5372,7594
5372,7593
5372,7592
5372,7591
5372,7590
5372,7589
5372,7588
5372,7587
5372,17881
5372,17880
5561,4456
5561,4774
5561,4300
5561,4457
5487,4414
5487,4254
5487,4143
5487,4023
5487,3889
5487,3476
5589,16331
5589,16330
5589,16329
5589,16340
5589,16339
5589,16338
5589,16337
5589,16336
5589,16335
5589,16334
5589,16333
5589,16328
5542,18955
5542,3208
5542,1495
5536,4792
5536,4476
5536,4320
5536,4222
5347,2288
5347,2155
5347,2041
5347,1933
5347,1816
5347,1706
5347,1605
5369,18226
5369,18225
5369,12371
5369,20041
5369,16080
5369,18102
5369,18256
5369,20047
5369,17734
5369,18210
5369,18166
5369,12370
5349,4734
5349,4413
5349,4249
5349,4138
5349,4019
5349,3884
5383,13372
5383,13357
5383,13356
5383,13355
5383,13354
5383,13353
5203,4439
5203,4284
5203,4183
5203,4070
5203,3946
5203,3482
5280,13315
5280,13314
5280,13313
5280,13324
5280,13323
5280,13322
5280,13321
5280,13320
5280,13319
5280,13318
5280,13311
5280,13310
5197,4429
5197,4273
5197,4173
5197,4058
5197,3933
5197,3529
5282,11249
5282,11336
5282,11325
5282,11314
5282,11303
5282,11292
5282,11281
5282,11270
5282,11259
5282,11248
5216,4425
5216,4516
5216,4266
5216,4156
5216,4044
5216,3913
5268,4304
5268,4210
5268,4102
5268,3915
5268,3624
5190,4259
5190,4258
5190,4149
5190,4148
5190,4034
5190,3902
5190,3498
5190,3379
5190,3378
5233,11946
5209,4445
5209,4290
5209,4145
5209,4025
5209,3891
5209,3478
5236,2519
5236,2297
5236,2173
5236,2066
5236,1963
5236,1822
5236,1712
5236,1802
5236,1617
5236,1517
5236,1419
5236,16
5236,897
5236,860
5213,6898
5213,6897
5213,6896
5213,6895
5213,6894
5213,6893
5213,6892
5213,6891
5213,6889
5213,6888
5213,15425
5187,13498
5187,3360
5187,3361
5187,3398
5187,3132
5187,3192
5187,3133
5187,3020
5187,3087
5187,3021
5187,2452
5187,2559
5187,2453
5187,15784
5195,3188
5195,3084
5195,2422
5195,2421
5195,2420
5195,2308
5195,2190
5198,4107
5198,3935
5198,3414
5198,2992
5198,2386
5205,4186
5205,4074
5205,3947
5205,3540
5205,3423
5251,20145
5251,20144
5251,20143
5251,20141
5251,20140
5251,11869
5251,20092
5206,4444
5206,4289
5206,4288
5206,4191
5206,4190
5057,4263
5057,4153
5057,4041
5057,3911
5057,3505
5057,3394
5279,10579
5279,10578
5279,10577
5279,10576
5279,10575
5279,10574
5136,11619
5136,11618
5136,11617
5136,11616
5136,11615
5136,11614
5136,11613
5136,11612
5136,11611
5136,16686
5030,3113
5030,2392
5030,2163
5030,1831
5030,1803
5030,1722
5044,4269
5044,4168
5044,4054
5044,3928
5044,3525
5044,3203
5044,3214
3438,4784
3438,15918
3438,2839
3438,13539
3438,2374
5046,4171
5046,4057
5046,3931
5046,3527
5060,11032
5060,11031
5060,11027
5060,11026
5060,11025
5060,11024
5060,11023
5060,11022
5060,11021
5060,11020
5060,11019
5060,11096
5124,4280
5124,4343
5124,4146
5124,4027
5054,4292
5054,4194
5054,4080
5054,3954
5059,14141
5059,14140
5059,14139
5059,14138
5059,14136
5059,14125
5059,14114
5090,4479
5090,4323
5090,4224
5090,4116
5090,3888
5090,3474
5132,15775
5132,15774
5132,15773
5132,15772
5132,15771
5132,15770
5132,15769
5132,15783
5132,15782
5132,15781
5132,15780
5132,15779
5132,15778
5132,15777
5132,15776
5132,15785
5037,4227
5037,3502
5037,3186
5037,4000
5037,3034
5037,3033
5032,4245
5032,4132
5032,4015
5032,3879
5032,3457
5032,3111
4762,4192
4762,4078
4762,3952
4762,3546
4762,3217
5033,3348
5033,3123
5033,3004
5033,2419
5033,2417
5033,2275
4759,4187
4759,4075
4759,3948
4759,3542
4759,3424
4746,4781
4746,4267
4746,4159
4746,4158
4746,4045
4746,3918
4746,3917
4731,4035
4731,3903
4731,3465
4731,3349
4731,3124
4731,3005
4731,18883
4731,18882
4731,10639
4770,11338
4770,11337
4770,11335
4770,11334
4770,11330
4835,12028
4835,14579
4835,6698
4835,12027
4835,14578
4835,6697
4760,4189
4760,4077
4760,3950
4760,3543
4760,3425
4737,4272
4737,4172
4737,4028
4737,3896
4737,3484
4737,3370
4737,3148
4737,3147
4737,3043
4749,4175
4749,20629
4749,3939
4749,3533
4749,3418
4749,3210
4750,4176
4750,4064
4750,3941
4750,3536
4750,3421
4750,3213
4772,4198
4772,4086
4772,3959
4772,3552
4772,3432
4772,3223
4769,4295
4769,4200
4769,4088
4769,3961
4769,3554
4802,13765
4802,13723
4802,7088
4802,13693
4802,13692
4802,20418
4802,18753
4812,4082
4812,3956
4812,3549
4812,3430
4812,3220
4763,4193
4763,4079
4763,3953
4763,3547
4768,4199
4768,4087
4768,3960
4768,3553
4768,3433
4776,17747
4776,17746
4776,17745
4776,17744
4776,17743
4776,17739
4794,11941
4794,11940
4794,11939
4794,11938
4794,11937
4794,11936
4794,11929
4794,11918
4767,4285
4767,4184
4767,4071
4767,3900
4452,7494
4452,7493
4452,7492
4452,7491
4452,7490
4452,7489
4452,7488
4452,7487
4452,7486
4452,7485
4452,7484
4452,7483
4452,7482
4417,4226
4417,4030
4417,3898
4417,3490
4417,3373
4417,3152
4417,3056
4458,4098
4458,3971
4458,3567
4458,3442
4458,3594
4518,4990
4501,4040
4501,3983
4501,3910
4501,3503
4465,19645
4478,20043
4478,8574
4478,8563
4478,8676
4478,8665
4478,8654
4478,8643
4430,4059
4430,3937
4430,3531
4430,3415
4430,3206
4412,2626
4412,2985
4412,2187
4412,2973
4412,2149
4412,1975
4441,4281
4441,4181
4441,4068
4441,3945
4441,3539
4441,3534
4461,17517
4461,15349
4461,17516
4461,15348
4461,17515
4461,15347
4461,17513
4461,17511
4461,17510
4461,17509
4461,17508
4461,17507
4461,17506
4461,17505
4475,3990
4475,3989
4475,3988
4475,3987
4475,3986
4454,17859
4454,17858
4454,17857
4454,17856
4454,17869
4454,17868
4275,3980
4275,3532
4275,3417
4275,3209
4275,17203
4275,16077
4250,2471
4250,2470
4250,2337
4250,2224
4250,2044
4250,1936
4241,8551
4241,8550
4241,8549
4241,8559
4241,8558
4241,8557
4241,8556
4241,8555
4241,8554
4241,8553
4241,8552
4241,8548
4241,8547
4241,8546
4322,8809
4322,8808
4322,8807
4322,8806
4322,8805
4322,8804
4322,8803
4322,8802
4322,8801
4322,8800
4322,8817
4322,8816
4322,8815
4322,8814
4322,8813
4322,8812
4322,8811
4322,8810
4322,8799
4346,15256
4302,16988
4302,16987
4302,16986
4302,16985
4302,16984
4302,16983
4302,16982
4302,16981
4302,16980
4302,16979
4291,3544
4291,3426
4291,3215
4291,3100
4297,8057
4297,8056
4297,8071
4297,8070
4297,8069
4297,8068
4297,8067
4297,8066
4297,8065
4297,8064
4297,8055
4247,3893
4247,3892
4247,3479
4247,3143
4247,3120
4247,3001
4271,3932
4271,3528
4271,3412
4271,3204
4271,3090
4257,3545
4257,3428
4257,3216
4257,3032
4257,2469
4347,9291
4347,9290
4347,9289
4347,9288
4347,9287
4347,9286
4251,3886
4251,3469
4251,3354
4251,3129
4251,3013
4255,3363
4255,3135
4255,3026
4255,2463
4309,13352
4309,13351
4309,13350
4309,13349
4309,13347
4309,13346
4296,10143
4296,10142
4296,10140
4296,10139
4296,10138
4296,10137
4296,10136
4296,10135
4296,10134
4296,10133
4296,10132
4157,3914
4157,3508
4157,3396
4157,3190
4157,3085
4203,12900
4203,12899
4203,12898
4203,12897
4203,12896
4203,13309
4203,13308
4203,13307
4203,13306
4203,13305
4203,13304
3499,3166
3499,3067
3499,3023
3499,2457
3499,2456
3499,2819
4147,3930
4147,3493
4147,3375
4147,3153
4147,3058
4147,2517
4147,2516
4142,3504
4142,3362
4142,3134
4142,3024
4142,2460
4142,2459
2450,2329
2450,2210
2450,2104
2450,1997
2450,1898
2450,1791
2411,2302
2411,2182
2411,2076
2411,2075
2398,2164
2398,2051
2398,1944
2398,1833
2398,1631
2398,1726
2400,1746
2400,1562
2400,1471
2400,921
2399,2059
2399,1953
2399,1847
2399,1739
2399,4694
2399,1645
2563,1904
2563,1408
2563,5
2563,10552
2563,10551
2563,10549
2539,20045
2539,17701
2539,18100
2539,16078
2539,17732
2539,18099
2539,20038
2539,17731
2539,18253
2539,20044
2539,16077
2539,12386
2311,2086
2311,1983
2311,1881
2311,1778
2311,1679
2311,1589
2311,1804
2500,2137
2500,2136
2500,2135
2500,2134
2500,2133
2425,2192
2425,2082
2425,1979
2425,1877
2425,1775
2425,1678
2426,2310
2426,2196
2426,2195
2426,2085
2426,1982
2426,1860
2426,1826
2540,9159
2540,9158
2540,9157
2540,9156
2540,9155
2540,9154
2540,9153
2540,9152
2540,9151
2464,2109
2464,2004
2464,1902
2464,1796
2431,2096
2431,1988
2431,1888
2431,1782
2431,1683
2431,1594
2592,14945
2592,14944
2592,14943
2592,14942
2592,14941
2592,14940
2592,14939
2592,14938
2592,14937
2643,10281
2643,10280
2605,1812
2605,682
2605,498
2605,471
2605,404
2605,388
2605,356
2434,2099
2434,1992
2434,1991
2434,1895
2434,1787
2434,1688
2840,686
2840,503
2840,449
2840,158
2840,159
2840,95
2833,13339
2833,13338
2833,13336
2833,13335
2833,13334
2822,14848
2822,14847
2822,14845
2822,14844
2822,14843
2822,14842
2822,14841
2822,14840
2841,10988
2841,10987
2841,10986
2841,10996
2841,10995
2841,10994
2841,10993
2841,7695
2841,10992
2841,10991
2841,10990
2841,10989
2841,10985
2814,2124
2814,2019
2814,1856
2814,1750
2814,1656
2814,1567
2814,1482
2814,79
2752,14037
2752,14214
2752,14203
2752,14192
2752,14181
2817,7007
2817,7006
2817,7005
2817,7002
2817,7001
2817,7000
2817,6999
2982,15711
2982,15709
2982,15708
2982,15707
2982,15706
2982,15705
2982,15704
2982,15703
2971,1954
2971,1852
2971,1650
2971,1469
2971,913
2971,834
2972,235
2972,255
2972,15294
2972,15293
2972,15304
2972,15303
2972,15302
2979,14839
2979,14838
2979,14837
2979,14836
2979,14923
2979,14912
2963,1937
2963,1824
2963,1713
2963,1620
2963,1519
2963,1421
2820,11092
2820,11091
2820,11090
2820,11089
2820,11088
2820,11087
2820,11086
2820,11085
2820,11084
2820,11082
2820,11081
2820,11080
2820,11079
2820,11078
2820,11077
2820,11076
2820,11075
2820,11074
2820,11073
2820,11071
2371,13809
2371,20566
2371,13746
2371,10357
2371,13694
2371,6924
2371,19760
2371,8077
2319,11092
2319,11091
2319,11090
2319,11089
2319,11088
2319,11087
2319,11086
2319,11085
2319,11084
2319,11082
2319,11081
2319,11080
2319,11079
2319,11078
2319,11077
2319,11076
2319,11075
2319,11074
2319,11073
2319,11071
2318,15243
2318,1989
2318,1890
2318,1889
2293,2050
2293,1943
2293,1832
2293,1724
2293,1723
2312,2087
2312,1984
2312,1882
2312,1779
2312,1680
2312,1591
2299,2074
2299,2283
2299,2073
2299,1970
2299,1863
2299,1758
2299,1664
2299,1663
2294,2057
2294,1964
2294,1846
2294,1737
2294,1642
2294,1555
2305,2079
2305,1974
2305,1874
2305,1769
2305,1669
2305,1582
2314,20580
2314,20579
2314,20578
2314,20577
2314,20576
2314,20575
2314,20573
2314,20572
2314,20571
2314,20570
2314,20569
2314,20568
2320,2098
2320,1990
2320,1891
2320,1784
2332,11957
2332,11956
2332,11955
2332,11954
2332,20023
2200,1986
2200,1885
2200,1781
2200,1681
2200,1592
2215,17792
2215,17791
2215,17790
2215,17927
2176,2078
2176,1973
2176,1866
2176,1865
2176,1760
2176,1759
2176,1665
2220,6493
2220,6492
2220,7519
2220,12902
2220,12901
2232,2018
2232,2017
2232,1836
2232,1729
2188,4889
2188,1717
2188,1716
2172,2024
2172,1859
2172,1756
2172,1659
2166,1935
2166,1707
2166,1508
2166,2
2211,18805
2211,18804
2211,18803
2211,18802
2175,1971
2175,1864
2175,1710
2175,1614
2175,1514
3901,2594
3901,1708
3901,773
3901,668
3901,104
2179,1767
2179,1616
2179,1516
2179,1417
2218,12503
2218,12502
2218,12501
2218,12500
2218,12498
2218,12497
2218,12496
2218,12495
2218,12494
2218,12493
2218,12492
2276,11453
2276,11452
2276,11451
2276,11450
2276,18716
2168,1853
2168,1745
2168,1744
2168,1743
2168,1742
2168,1741
2168,1930
2005,19788
2005,13080
2005,13046
2005,19521
2005,12913
2111,7481
2111,11338
2111,11337
2111,11335
2111,11334
2111,11330
2046,1894
2046,1786
2046,1687
2046,1528
2046,1432
2046,35
2046,905
2046,16040
2064,11210
2064,11206
2064,11195
2064,11184
2122,2121
2060,1901
2060,1794
2060,1646
2060,1557
2060,1464
2060,66
2060,859
2062,1751
2062,1657
2062,1568
2062,1483
2062,80
2063,1691
2063,1571
2063,1485
2063,82
2063,1402
2063,3637
2090,7586
2090,7585
2090,7584
2090,7583
2090,7582
2090,20608
2089,12990
2089,12989
2089,12988
2089,12981
2089,12980
2089,12979
2089,12973
2089,12969
2089,12968
2089,12967
2089,12966
2054,1837
2054,1730
2054,1636
2054,1542
2054,1452
2054,17
2056,1834
2056,1727
2056,1632
2056,1538
2056,1446
1296,152
1296,153
1296,165
1296,14875
1296,155
1296,156
1296,157
1296,18478
2043,300
2043,383
2043,317
2043,340
2043,287
2043,365
1909,19613
1909,19612
1909,19577
1909,14742
1909,13026
2001,11346
2001,11345
2001,11344
2001,11343
2001,11342
2001,11341
2001,11340
2001,11339
2001,11327
2001,11326
2001,11324
2001,11323
2001,11322
2001,11321
2001,11320
2001,11319
2001,11318
2001,11317
2001,11316
2001,11315
1967,1762
1967,1611
1967,1511
1967,1409
1948,1442
1948,44
1948,880
1948,802
1948,561
1948,4851
1949,1634
1949,1539
1949,1448
1949,49
1949,924
1949,840
1952,1738
1952,1643
1952,1556
1952,1462
1952,65
1952,64
1956,1747
1956,1654
1956,1564
1956,1479
1956,77
1956,76
1960,1725
1960,26
2025,7140
2025,7139
2025,7138
2025,8946
2025,7322
2025,7320
1951,14297
1951,14296
1951,13934
1951,14295
1951,13933
1951,13932
1962,1711
1962,1615
1962,1510
1962,1509
1934,160
1934,18483
1934,18482
1934,18480
1934,18479
1934,18481
1934,18484
1998,17186
1998,17184
1998,17185
1998,8824
1998,17183
1998,17182
1998,17181
17461,13079
17461,13078
17461,18718
17461,13077
17461,13076
17461,13075
17461,13074
17461,13073
17461,13071
17461,13070
1879,6887
1879,6886
1879,16906
1879,17141
1879,6885
1879,6884
1879,6883
1879,6882
1879,17140
1844,1627
1844,1531
1844,1437
1844,39
1844,4695
1844,934
1823,1618
1823,1518
1823,1420
1823,18
1823,909
1823,853
1903,15524
1903,15282
1903,9060
1903,8143
1861,1661
1861,1573
1861,1488
1861,86
1849,1648
1849,1559
1849,1466
1849,68
1849,883
1849,812
1842,1536
1842,1444
1842,47
1842,895
1842,791
1843,12554
1845,907
1845,825
1845,758
1845,743
1845,714
1841,1613
1841,1513
1841,1414
1841,10
1841,932
1841,837
1848,1647
1848,1558
1848,1465
1848,67
1848,866
1848,790
1770,1526
1770,1412
1770,1411
1770,1410
1770,8
1770,874
1770,800
1780,17873
1780,17872
1780,17871
1780,17870
1780,18797
1780,18796
1780,18174
1780,18173
1780,18177
1780,18172
1714,1522
1714,1426
1714,29
1714,898
1714,806
1714,541
1734,1533
1734,1440
1734,42
1734,901
1734,829
1800,14170
1800,14159
1800,14148
1800,14137
1800,14036
1754,1515
1754,1416
1754,13
1754,12
1754,899
1754,876
1795,3589
1795,20626
1795,17497
1795,17496
1795,17495
1795,17494
1795,17493
1795,17492
83,7882
83,7871
83,7860
83,7849
1766,13333
1766,13332
1766,13331
1766,13330
1766,13329
1766,18831
1772,10217
1736,1541
1736,1450
1736,51
1736,881
1736,856
1736,799
1699,650
1699,483
1699,417
1699,284
1699,343
1699,314
1699,283
1699,299
1699,385
1699,12858
1699,12857
1607,129
1607,130
1607,10329
1607,10328
1607,10327
1607,10322
1675,1430
1675,34
1675,888
1675,807
1675,763
1675,523
1610,1407
1610,4
1610,926
1610,844
1610,756
1610,580
1406,904
1406,761
1406,510
1406,224
1406,225
1406,226
1340,15301
1340,15300
1340,15299
1340,15298
1340,15297
1340,15292
1340,17481
1640,1443
1640,46
1640,902
1640,872
1641,1415
1641,11
1641,930
1641,851
1641,835
1641,762
1641,528
1641,720
1641,659
1658,1553
1658,1529
1658,15600
1658,1435
1672,14318
1672,16896
1672,9130
1672,12951
1672,6983
1672,7311
1672,7309
1619,14
1619,884
1619,815
1619,539
1671,17867
1671,17866
1671,17865
1671,17864
1671,17863
1671,17862
1671,17855
1662,1574
1662,15
1662,1418
1662,908
1662,868
1674,757
1674,581
1674,712
1674,655
1674,487
1674,423
1651,1470
1651,71
1651,865
1651,792
1651,8796
1548,6
1548,935
1548,855
1548,765
1548,530
1548,721
1703,923
1703,90
1703,845
1703,767
1703,532
1703,516
1569,1484
1569,81
1569,1403
1569,15599
1586,6921
1586,6920
1586,6919
1586,11509
1586,11508
1586,11507
1586,8395
1520,694
1520,631
1520,466
1520,403
1520,329
1520,4850
1554,9150
1554,9149
1554,9148
1554,9147
1554,9146
1554,9145
1554,9144
1554,9143
1554,9142
1585,14698
1585,14687
1585,14676
1585,14665
1585,14654
1585,14642
1585,14631
1585,14576
1585,14565
1585,14554
1585,14543
1585,14794
1585,14783
1585,14761
1585,14750
1585,14739
1585,14728
1585,14653
1585,14542
1587,12459
1587,12457
1587,12456
1587,12455
1587,12454
1587,12453
1587,12452
1587,12451
1587,12450
1587,12449
1587,12448
1587,12446
1587,12445
1587,12444
1587,12443
1587,12442
1587,12441
1587,12440
1587,12439
1587,12438
1527,894
1527,809
1527,615
1527,592
1527,693
1527,630
1547,45
1547,922
1547,858
1547,764
1547,529
1547,735
1565,1480
1565,78
1565,918
1565,857
1565,796
1550,52
1550,892
1550,811
1550,556
1550,571
1571,1691
1571,1485
1571,82
1571,1402
1571,3637
1546,1441
1546,43
1546,920
1546,848
1546,775
1570,1397
1570,1400
1570,1399
1570,1398
1570,1401
2496,8054
2496,8053
2496,8052
2496,17172
2496,17171
2496,17170
2496,17169
2496,17168
2496,17167
2496,15424
2496,15423
3007,2818
3007,2309
3007,2193
3007,2083
3007,1980
3007,1880
3107,1709
3107,1612
3107,1512
3107,1413
3107,9
3107,912
3107,826
3107,748
3107,543
3107,16038
3107,709
3061,1715
3061,1622
3061,1523
3061,1427
3061,30
3061,889
3061,805
3061,521
3061,569
3061,699
3061,634
3061,474
2141,10011
2141,10174
2141,10163
2141,10152
2141,10141
2141,10119
2141,10130
2141,10097
2141,10010
2141,10108
3336,13303
3336,13302
3336,13301
3336,13300
3336,13298
3336,13297
3336,13296
3336,13295
3336,13294
3336,13293
3336,13292
3336,13291
94,13328
94,13327
94,13389
94,13388
94,13387
94,13381
3171,10131
3171,10129
3171,10128
3171,10127
3171,10126
3171,10124
3171,10123
3171,10122
3171,10121
3171,10120
3171,10118
1773,13089
1773,13088
1773,18727
1773,13087
1773,13086
1773,13085
1773,13084
1773,13082
1773,13081
1773,8696
1653,3178
1653,1478
1653,1476
1653,1473
1653,1475
1776,13290
1776,13289
1776,8710
1776,13287
1776,13286
1776,13285
1776,13284
1776,13283
1776,13282
1776,13281
1776,13280
1676,15626
1676,15625
1676,15624
1676,15623
1676,8318
1676,16601
1676,8307
1676,8296
1676,8284
1676,8273
1676,8262
1676,8251
1676,8240
1676,8229
1676,8218
1676,8207
1497,18728
1497,13069
1497,7101
1497,13068
1497,13067
1497,13066
1497,13065
1497,13064
1497,13063
1497,8695
1463,877
1463,808
1463,559
1463,590
1463,696
1500,11350
1500,11349
1500,11447
1500,11446
1500,11445
1500,11444
1500,11422
1500,11418
1500,11417
1500,11416
1500,11411
1500,11405
1500,11403
1453,929
1453,841
1453,778
1453,576
1404,395
1404,187
1404,10797
1404,6794
1404,14658
1404,11978
1404,11977
1404,10796
1404,6792
1404,14657
1404,10795
1404,6791
1404,14656
1404,11976
1458,910
1458,827
1458,755
1458,533
1458,711
1458,654
1456,927
1456,843
1456,1808
1456,531
1456,723
1456,660
1461,771
1461,517
1461,730
1461,665
1461,635
1460,14294
1460,14292
1460,13931
1460,20616
1460,13930
1460,7467
1460,14291
1460,13929
1498,12164
1498,12163
1498,12154
1498,12143
1498,12132
1498,12121
1490,893
1490,801
1490,784
1490,514
1490,573
1490,595
1490,605
1457,836
1457,798
1457,540
1457,601
1457,688
1457,628
1481,875
1481,795
1481,567
1481,599
1481,715
1481,685
1487,885
1487,814
1487,587
1487,552
1487,741
1487,702
63,777
63,575
63,732
63,673
63,641
27,572
27,613
27,677
27,616
27,456
27,393
55,11952
60,14297
60,13934
60,14296
60,14295
60,13933
60,13932
19,831
19,513
19,542
19,708
19,8433
62,37
62,871
62,797
62,563
33,520
33,551
33,713
33,636
33,472
33,409
87,6953
87,7343
87,7332
87,7321
87,7310
87,7299
87,7285
87,7174
87,7063
87,6951
3,803
3,553
3,638
3,421
3,168
88,7286
88,7274
88,7263
88,7252
88,7241
88,7230
88,7219
88,7208
88,7197
88,7186
1364,59
1364,58
1364,900
1364,870
22,787
22,759
22,538
22,600
22,717
22,687
1350,547
1350,736
1350,678
1350,493
1350,442
1350,401
1354,729
1354,562
1354,606
1354,679
1354,649
1354,618
1359,769
1359,524
1359,727
1359,648
1355,820
1355,754
1355,537
1355,710
1342,554
1342,703
1342,639
1342,475
1342,446
1342,411
1361,560
1361,770
1361,591
1361,697
1361,632
1361,496
1361,468
1344,101
1344,102
1344,103
1344,98
1344,99
1344,100
1343,17885
1343,17198
1347,828
1347,760
1347,527
1347,718
1347,658
1347,490
1347,464
1347,427
2970,643
2970,491
2970,441
2970,413
2970,361
2970,290
1351,577
1351,746
1351,675
1351,507
1351,447
1356,526
1356,602
1356,734
1356,705
1365,500
1365,433
1365,143
1365,144
1365,140
1365,141
1365,142
1357,4956
1357,4955
1357,607
1357,4938
1357,9326
1357,7323
1377,12491
1377,12490
1377,12489
1377,12487
1377,12486
1377,12485
1377,12484
1377,12483
1377,12482
1377,12481
1377,12480
1360,549
1360,707
1360,646
1360,480
1360,414
1360,370
1360,308
1341,15633
1341,15632
1341,15630
1341,15629
1341,15628
1341,15627
1349,108
1349,109
1349,110
1349,105
1349,106
1349,107
1348,555
1348,745
1348,704
1348,672
1362,598
1362,684
1362,625
1362,460
1362,424
1362,398
1333,643
1333,491
1333,441
1333,413
1333,361
1333,290
1337,637
1337,473
1337,445
1337,410
1334,726
1334,692
1334,645
1334,465
1334,402
1334,373
1334,347
1334,305
1335,13279
1335,13278
1335,13276
1335,13275
1335,8709
1335,13274
1335,13273
1335,13272
1335,13271
1335,13270
1335,13269
1335,13268
1330,505
1330,436
1330,264
1330,248
1330,265
1330,215
1330,232
1330,216
1327,10201
1329,15005
1329,115
1329,117
1329,116
1328,1812
1328,682
1328,498
1328,471
1328,404
1328,388
1328,356
1323,346
1323,367
1323,312
1323,14405
1323,14404
1323,4710
1326,640
1326,476
1326,412
1326,256
1326,238
1326,211
1322,725
1322,617
1322,457
1322,220
1325,671
1325,626
1325,461
1325,425
1325,448
1319,11828
1319,11827
1319,11826
1319,11822
1319,11821
1319,11820
1319,11819
1321,509
1321,478
1321,439
1321,204
1321,261
1321,205
1321,206
1320,686
1320,503
1320,449
1320,158
1320,159
1320,95
1315,647
1315,481
1315,415
1315,294
1315,389
1313,14655
1313,14641
1313,6719
1313,6524
1313,6523
1312,454
1312,221
1312,386
1312,330
1312,353
1312,282
1312,344
1312,366
1311,17491
1311,17573
1311,17567
1311,17556
1311,20625
1311,17545
1311,17534
1311,17523
1311,17512
1307,609
1307,680
1307,619
1307,453
1309,819
1309,793
1309,753
1309,564
1310,657
1310,627
1310,488
1310,462
1310,426
1310,399
1306,7581
1306,7580
1306,7579
1306,7578
1306,7577
1306,7576
1306,7575
1306,7574
1290,13062
1290,13060
1290,13059
1290,13058
1290,13057
1290,13056
1290,13055
1290,13054
1290,13053
1290,13052
1304,455
1304,416
1304,281
1304,368
1304,311
1304,369
1304,310
1305,742
1302,486
1302,489
1302,451
1302,463
1302,240
1302,242
1301,5147
1301,14506
1301,14505
1301,14504
1301,14498
1301,14487
1299,12856
1299,12855
1299,12854
1299,15589
1299,15588
1299,15587
1299,15586
1299,15585
1299,15584
1299,15583
1298,405
1298,431
1298,334
1298,381
1298,16087
1298,16086
1288,420
1288,120
1288,121
1288,122
1289,171
1289,172
1289,173
1289,174
1289,175
1289,176
1270,6881
1270,6880
1270,6878
1270,6877
1270,6876
1270,6875
1270,6874
1270,6873
1270,16905
1270,6872
1270,6871
1270,6870
1287,217
1287,14524
1287,14523
1287,14522
1287,14512
1283,162
1283,163
1283,164
1283,166
1283,96
1283,167
1283,18695
1285,400
1285,249
1285,250
1285,251
1285,269
1292,13756
1292,12357
1292,13754
1292,10337
1292,10336
1284,258
1284,271
1284,273
1284,259
1284,149
1284,150
1284,151
1281,328
1281,355
1281,296
1281,357
1281,295
1280,199
1280,200
1280,201
1280,202
1280,203
1280,18876
1282,235
1282,255
1282,15294
1282,15293
1282,15304
1282,15303
1282,15302
1278,236
1278,237
1278,231
1278,268
1278,233
1268,13370
1268,13359
1268,13348
1268,13337
1268,13326
1268,13325
1274,3190
1274,15252
1274,15251
1274,15250
1274,15249
1274,15248
1274,15244
1269,653
1269,620
1269,452
1269,222
1273,15075
1273,15074
1273,15073
1273,15072
1273,15071
1273,15061
1265,272
1265,218
1265,13412
1265,13411
1265,13410
1265,13409
1265,13408
1265,13407
1248,10279
1248,10283
1248,10282
1248,10281
1248,10280
1262,392
1262,322
1262,277
1263,11697
1263,11696
1263,11695
1263,11694
1263,11693
1263,11692
1263,11691
1263,11690
1263,11689
1263,11688
1257,327
1257,358
1257,326
1257,15656
1257,15655
1261,14171
1261,14169
1261,14168
1261,14161
1256,371
1256,372
1256,306
1256,20543
1256,20542
1251,4937
1251,4925
1251,348
1251,4940
1251,375
1251,4648
1255,198
1255,194
1255,195
1255,196
1255,190
1252,333
1252,364
1252,339
1252,318
1252,14460
1252,14461
1226,280
1226,359
1226,12826
1226,12825
1247,207
1247,270
1247,263
1247,208
1237,15622
1237,15621
1237,8196
1237,8185
1237,8173
1237,8162
1237,8151
1237,8140
1237,8129
1237,8118
1237,8107
1237,8096
1240,97
1240,111
1240,112
1240,113
1240,114
1243,7175
1243,7163
1243,7152
1243,7141
1243,7130
1243,7119
1243,7108
1243,7097
1243,7086
1243,7075
1238,16076
1238,16075
1238,16074
1238,16073
1238,16072
1238,16071
1238,16070
1228,6736
1228,6733
1228,6731
1228,6730
1228,6729
1228,6728
1228,6726
1228,6725
1231,11434
1231,11427
1231,11422
1231,10008
1233,18976
1223,387
1223,20071
1223,20070
1223,20069
1223,20068
1223,20067
1367,8125
1367,8110
1367,8109
1204,160
1204,18483
1204,18482
1204,18480
1204,18479
1204,18481
1204,18484
1207,18830
1207,18829
1207,18828
1207,18827
1207,18826
1214,324
1214,17555
1214,17554
1214,17553
1214,17552
1214,17551
1214,17550
1211,8085
1211,8074
1211,8442
1211,8431
1211,8420
1211,8409
1211,8398
1211,8387
1211,8295
1211,8184
1211,8073
1210,129
1210,130
1210,10329
1210,10328
1210,10327
1210,10322
1205,234
1205,14264
1205,14259
1205,14247
1205,14236
1205,14225
1206,197
1206,18853
1206,18852
1206,18843
1206,18832
1208,6816
1208,6804
1216,4055
1216,3526
1216,3116
1216,2402
1216,2296
1216,12385
1216,1855
1216,1655
1216,1424
1216,864
1216,689
1216,467
1216,223
1216,18153
1216,18155
1216,18152
1216,18151
1216,18150
1216,18149
1216,18148
1213,7064
1213,7052
1213,7041
1213,7030
1213,7019
1213,7008
1213,6997
1213,6986
1213,6975
1213,6964
1212,18986
1212,18985
1212,18984
1212,18982
1212,18981
1212,18980
1212,18979
1212,18978
1212,18977
1212,18956
1200,15034
1200,15032
1200,15031
1200,15030
1200,15029
1200,15028
1202,307
1202,20541
1202,20540
1202,20539
1202,20562
1202,20561
1202,20560
1195,12824
1195,12823
1195,12822
1195,12821
1195,12820
1199,15390
1199,15389
1199,15387
1199,15386
1199,15385
1199,15384
1194,12845
1194,12844
1194,12843
1194,12839
1194,12828
1194,12817
1174,11832
1177,18171
1177,18170
1177,18169
1177,18168
1177,18167
1170,324
1170,17555
1170,17554
1170,17553
1170,17552
1170,17551
1170,17550
1172,15654
1172,15652
1172,15651
1172,15650
1172,15649
1184,15034
1184,15032
1184,15031
1184,15030
1184,15029
1184,15028
1171,12824
1171,12823
1171,12822
1171,12821
1171,12820
1175,15594
1175,15592
1175,15591
1175,15590
1183,14874
1183,14873
1183,14872
1183,14871
1183,14870
1183,14869
1168,18292
1168,18291
1168,13406
1168,13421
1168,13420
1168,13419
1168,13418
1186,15725
1186,15724
1186,15723
1186,15722
1186,15720
1186,15719
1186,15718
1186,15717
1190,18290
1190,18289
1190,18288
1190,18287
1190,18286
1192,12479
1192,12478
1192,12476
1192,12475
1192,12474
1192,12473
1192,12472
1192,12471
1192,12470
1192,12469
1185,13170
1185,13169
1185,13171
1185,12358
1185,12356
1185,12369
1185,10342
1187,14454
1187,14452
1187,14453
1187,14451
1187,14450
1165,11687
1165,11686
1165,11685
1165,11683
1165,11682
1165,11681
1165,11680
1165,11679
1165,11678
1165,11677
1164,11327
1164,11326
1164,11324
1164,11323
1164,11322
1164,11321
1164,11320
1164,11319
1164,11318
1164,11317
1164,11316
1164,11315
1164,11313
1164,11312
1164,11311
1164,11310
1164,11309
1164,11308
1164,11307
1164,11306
1163,18164
1163,18163
1163,18162
1163,18161
1163,18160
1169,11063
1169,11062
1169,11060
1169,11059
1169,11058
1169,11057
1169,11056
1169,11055
1169,11054
1169,11053
1169,11052
1169,11051
1169,11049
1169,11048
1169,11047
1169,11046
1169,11045
1169,11044
1169,11043
1169,11042
1161,10988
1161,10987
1161,10986
1161,10996
1161,10995
1161,10994
1161,7695
1161,10993
1161,10992
1161,10991
1161,10990
1161,10989
1161,10985
1151,15725
1151,15724
1151,15723
1151,15722
1151,15720
1151,15719
1151,15718
1151,15717
1153,14454
1153,14453
1153,14452
1153,14451
1153,14450
1152,13170
1152,13169
1152,13171
1152,12358
1152,12356
1152,12369
1152,10342
1148,9674
1148,9796
1148,9795
1148,9794
1148,9793
1148,9792
1148,9791
1148,9790
1148,9789
1148,9788
1148,9787
1148,9784
1148,9783
1148,9782
1148,9781
1148,9780
1148,9779
1154,17180
1154,17179
1154,17178
1154,17177
1154,17176
1154,17175
1154,17174
1147,12468
1147,12467
1147,12465
1147,12464
1147,12463
1147,12462
1147,12461
1147,12458
1147,12447
1147,12436
1147,12425
1149,18290
1149,18289
1149,18288
1149,18287
1149,18286
1155,18805
1155,18804
1155,18803
1155,18802
1133,6721
1133,6720
1133,6718
1133,6717
1133,6715
1133,6714
1133,6713
1133,6712
1142,10597
1142,10596
1142,10595
1142,10594
1142,10593
1142,10592
1135,14867
1135,14866
1135,14865
1135,14864
1135,14863
1135,14862
1135,14861
1140,16266
1140,16265
1140,16264
1140,16263
1140,16262
1140,4878
1139,20066
1139,20065
1139,20064
1139,20062
1139,20061
1139,20060
1139,20059
1132,18975
1132,18974
1132,18973
1132,18972
1132,18971
1132,18970
1132,18964
1132,18963
1132,18962
1132,18961
1132,18960
1132,18959
1132,18958
1138,12819
1138,12818
1138,12848
1138,12847
1138,12846
1130,11327
1130,11326
1130,11324
1130,11323
1130,11322
1130,11321
1130,11320
1130,11319
1130,11318
1130,11317
1130,11316
1130,11315
1130,11313
1130,11312
1130,11311
1130,11310
1130,11309
1130,11308
1130,11307
1130,11306
1123,15026
1123,15025
1123,15024
1123,15023
1123,15021
1121,15648
1121,15647
1121,15646
1121,15645
1121,15644
1125,13961
1125,13960
1125,13959
1125,13958
1125,13957
1126,18825
1126,18824
1126,18823
1126,18822
1126,18821
1122,8255
1122,8254
1122,8253
1122,8252
1122,8250
1122,8248
1122,8247
1122,8246
1122,8245
1119,12414
1119,12543
1119,12532
1119,12521
1119,12510
1119,12499
1119,12488
1119,12477
1119,12466
1119,12413
1113,18685
1113,17549
1113,19940
1113,18684
1113,18683
1113,18682
1113,18681
1113,18680
1113,18679
1113,18678
1107,16048
1107,16047
1107,16046
1107,16045
1115,20559
1115,20558
1115,20557
1115,20556
1115,20549
1115,20538
1114,15578
1116,19460
1116,19462
1116,19464
1116,19459
1116,19461
1116,19463
1111,10562
1111,10560
1111,10559
1111,10547
1111,10545
1106,14449
1106,14448
1106,14447
1106,14446
1106,14445
1106,14444
1097,7038
1097,7037
1097,7036
1097,7035
1097,7034
1097,7033
1097,7032
1097,7031
1097,7028
1097,7027
1103,18409
1103,18411
1103,18408
1103,18410
1103,18412
1099,14132
1099,14131
1099,14130
1099,14129
1099,14128
1099,14127
1102,10923
1102,10922
1102,10921
1102,10920
1102,10919
1102,10554
1102,10553
1102,14806
1104,20015
1104,20014
1104,20013
1104,20012
1104,20011
1104,20010
1098,17548
1098,17547
1098,17546
1098,17544
1098,17543
1098,17542
1100,20019
1100,20018
1100,20017
1100,20016
1093,13417
1093,13416
1093,13415
1093,13414
1093,13405
1094,16259
1094,16258
1094,16257
1094,16256
1094,16255
1094,16254
1094,16253
1094,4877
1092,14860
1092,14859
1092,14858
1092,14856
1092,14855
1083,15020
1083,15019
1083,15018
1083,15017
1083,15016
1083,15015
1083,15014
1083,15013
1083,15012
1028,17975
1028,17974
1028,17973
1028,17972
1028,17971
1028,17970
1028,17969
1028,17968
1028,17967
1028,17966
1028,17964
1028,17963
1028,17962
1028,17961
943,18767
943,18766
943,18765
943,18764
943,18763
1176,14459
1176,14458
1176,14457
1176,14456
1176,14455
1118,8911
1118,8910
1118,8909
1118,8908
1118,8907
1118,8906
942,18762
942,18771
942,18761
942,18770
942,18760
942,18769
942,18759
942,18768
942,18758
942,18757
1087,20058
1087,20057
1087,20056
1087,20055
1087,20054
1087,20053
1033,12404
1033,12403
1033,12402
1033,12412
1033,12411
1033,12410
1033,12409
1033,12408
1033,12407
1033,12406
1033,12405
1033,6946
999,10558
999,10557
999,10556
999,10555
956,15633
956,15632
956,15630
956,15629
956,15628
956,15627
1016,14854
1016,14853
1016,14852
1016,14851
1016,14850
1016,14849
1079,13818
1079,13817
1079,13816
1079,13815
1079,13814
1079,13810
1079,13799
1079,13798
1079,13797
1079,13789
1007,10918
1007,10917
1007,10916
1007,10915
1007,10914
1007,10913
1043,7383
1043,7382
1043,7381
1043,7380
1043,7379
1043,7378
1043,7377
1043,7376
1070,18814
1070,18813
1070,18812
1070,18811
987,14830
987,14833
987,14834
987,10192
987,10194
987,14831
987,10193
987,10191
982,18801
982,18800
982,18799
982,18798
988,10190
988,10189
988,10188
988,10187
988,10186
988,10185
1020,15711
1020,15709
1020,15708
1020,15707
1020,15706
1020,15705
1020,15704
1020,15703
1038,17540
1038,17539
1038,17538
1038,17537
1038,17535
1038,17533
1038,17532
1038,17531
1038,17530
1038,17529
1038,17528
1038,17527
1038,17526
984,14443
984,14441
984,14442
984,14440
1048,20417
1048,20416
1048,20415
1048,20414
1015,14848
1015,14847
1015,14845
1015,14844
1015,14843
1015,14842
1015,14841
1015,14840
994,14952
994,14951
994,14950
994,14949
994,14948
994,14947
994,14946
959,8213
959,8210
959,8209
959,8208
959,8204
959,8203
959,8202
983,14439
983,14438
983,14437
983,14436
983,14435
983,14434
1062,20037
1062,20036
1062,20035
1062,20034
1062,20033
1062,20032
1078,18410
1078,18412
1078,18409
1078,18411
1078,18408
1067,10029
1067,6922
1004,6711
1004,6710
1004,6709
1004,6708
1004,6707
1004,6703
1004,6702
953,15686
953,15675
953,15664
953,15653
953,15642
953,15631
953,15620
953,15609
962,20083
962,20082
962,20081
962,20074
962,20063
962,20052
997,10535
997,10531
997,10530
997,10529
997,12105
997,12104
997,12103
1031,15794
1031,15793
1031,15792
1031,15791
1073,18670
1073,18669
1073,18668
1073,18667
1073,18666
1073,18665
1073,18663
940,14811
940,14810
940,14809
940,7372
940,7371
940,7370
1090,234
1090,14264
1090,14259
1090,14247
1090,14236
1090,14225
1034,7066
1034,7059
1034,7058
1034,7057
1034,6944
1034,7022
1034,7021
1034,6942
954,15615
954,15614
954,15613
954,15612
954,15611
954,15610
954,15694
1005,10925
1005,10924
1005,14808
1005,14807
1005,14806
1005,14805
1032,13752
1064,20015
1064,20014
1064,20013
1064,20012
1064,20011
1064,20010
947,4624
947,4623
947,4622
947,4620
947,4619
947,4618
1042,7376
1042,7480
1042,7479
1042,7478
1221,15794
1221,15793
1221,15792
1221,15791
1077,18471
1077,18470
1077,18469
998,10544
998,10543
998,10542
998,10541
998,10540
998,10537
998,10536
1014,14839
1014,14838
1014,14837
1014,14836
1014,14923
1014,14912
17469,15526
17469,9696
17469,9694
17469,9693
17469,9692
17469,9691
17469,9690
17469,9689
17469,9688
17469,9687
17469,9686
17483,227
17483,14533
17483,14532
17483,14531
17483,14530
17468,11333
17468,11332
17468,11331
17468,11329
17468,11328
17468,11293
17468,11291
17468,11290
17468,11289
17468,11288
17468,11287
17468,11286
17468,11285
17468,11284
17468,11283
17468,11282
17468,11280
17473,17156
17473,17155
17467,11032
17467,11031
17467,11027
17467,11026
17467,11025
17467,11024
17467,11023
17467,11022
17467,11021
17467,11020
17467,11019
17467,11096
17471,10443
17474,1552
17474,1551
17474,1455
17474,1454
17463,2013
17463,1911
17463,1789
17463,1783
17463,1684
17462,9685
17462,9683
17462,9682
17462,9681
17462,9680
17462,9679
17462,9678
17462,9677
17462,9676
17462,9675
17470,1621
17470,1521
17470,1425
17470,28
17470,928
17470,838
17464,15716
17464,15715
17464,15714
17464,15713
17464,15712
17457,18414
17457,9297
17457,9296
17457,18454
17457,18453
17457,9295
17457,9294
17457,18452
17457,9293
17457,9292
17466,7481
17466,11338
17466,11337
17466,11335
17466,11334
17466,11330
17465,11442
17465,11441
17465,11440
17465,11438
17465,11436
17465,11435
17465,11414
17465,11413
17465,11412
17465,11410
17465,11409
17465,11408
17465,11407
17465,11406
17465,11396
17465,11395
17465,11394
17465,11392
17465,11391
17465,11390