id,eventsId
1011334,269
1009146,296
1009148,238
1009148,302
1009148,270
1009148,273
1009149,227
1010903,227
1010354,293
1010354,233
1010354,235
1010354,240
1010354,29
1010354,263
1010354,271
1010354,280
1011198,318
1011136,229
1011176,269
1009435,116
1009435,252
1010370,116
1010370,296
1010370,302
1010370,29
1010370,337
1010370,333
1010370,271
1011227,318
1011227,302
1011227,336
1011227,269
1011227,273
1009151,270
1009152,116
1009152,29
1009153,227
1009153,318
1009153,302
1009153,316
1009153,306
1009154,229
1010802,318
1010802,302
1010802,319
1010802,269
1010802,309
1010802,273
1010802,277
1010801,302
1010801,336
1011208,255
1009156,116
1009156,227
1009156,246
1009156,248
1009156,298
1009156,154
1010773,305
1009158,227
1009158,303
1009159,116
1009159,227
1009159,233
1009159,240
1009159,246
1009159,248
1009159,249
1009159,302
1009159,252
1009159,29
1009159,334
1009159,32
1009159,299
1009159,298
1009159,263
1009159,154
1009159,276
1009159,277
1009159,308
1009159,280
1009160,252
1009160,263
1009160,154
1010784,296
1010784,318
1010784,255
1010784,336
1010784,269
1010827,269
1009740,320
1009740,238
1009163,227
1009163,296
1009163,302
1009163,29
1009164,303
1009164,318
1009164,246
1009164,248
1009164,32
1009164,263
1009164,270
1009165,116
1009165,314
1009165,303
1009165,233
1009165,234
1009165,310
1009165,296
1009165,238
1009165,239
1009165,318
1009165,246
1009165,302
1009165,251
1009165,252
1009165,315
1009165,29
1009165,317
1009165,255
1009165,37
1009165,337
1009168,116
1009168,227
1009168,296
1009168,240
1009168,249
1009168,251
1009168,299
1009168,154
1009168,279
1009168,280
1009596,227
1009596,249
1009596,32
1009596,154
1009596,269
1009596,279
1009169,318
1009170,251
1011137,229
1009171,154
1009171,279
1009174,255
1009175,116
1009175,227
1009175,303
1009175,233
1009175,310
1009175,320
1009175,296
1009175,238
1009175,318
1009175,240
1009175,245
1009175,246
1009175,248
1009175,249
1009175,302
1009175,252
1009175,315
1009175,29
1009175,317
1009175,255
1009179,116
1009179,231
1009329,116
1010782,255
1010782,336
1010782,269
1010782,277
1010829,318
1010829,269
1010829,273
1009180,37
1009180,269
1009180,294
1010325,305
1009548,248
1011138,271
1009182,227
1009182,238
1009182,249
1009182,251
1009182,37
1009182,299
1009182,298
1009182,154
1009184,238
1009184,315
1009184,317
1009184,295
1009184,269
1009184,323
1009184,276
1009184,277
1009185,238
1009185,255
1009185,151
1009185,270
1009185,277
1009186,116
1009186,29
1009186,271
1009187,238
1009187,318
1009187,248
1009187,302
1009187,251
1009187,315
1009187,317
1009187,255
1009187,311
1009187,37
1009187,154
1009187,319
1009187,266
1009187,336
1009187,269
1009187,305
1009187,277
1010687,59
1009188,251
1009189,116
1009189,314
1009189,310
1009189,296
1009189,248
1009189,302
1009189,315
1009189,317
1009189,255
1009189,37
1009189,154
1009189,336
1009189,269
1009189,270
1009189,309
1009191,238
1009191,336
1009191,219
1009195,229
1009195,293
1009195,319
1009197,227
1009197,154
1009197,308
1009198,238
1009199,227
1009199,303
1009199,246
1009199,248
1009199,251
1009199,263
1009199,270
1009200,252
1009200,263
1011339,302
1011339,319
1011339,336
1011119,336
1010366,116
1010366,233
1010366,240
1010366,246
1010366,32
1010366,263
1010366,280
1009205,227
1009205,249
1010371,255
1011236,302
1009208,310
1009208,212
1009208,277
1011090,255
1009167,116
1009167,297
1009167,248
1009167,302
1009167,317
1009167,60
1009210,227
1011038,295
1009212,238
1009212,318
1009212,255
1009212,59
1009213,116
1009214,227
1009214,310
1009214,238
1009214,240
1009214,249
1009214,32
1009214,37
1009214,299
1009214,298
1009214,154
1009214,279
1009214,280
1017317,238
1017317,251
1011209,255
1009216,246
1009216,248
1009216,251
1009216,263
1009216,154
1009216,270
1009217,251
1009217,263
1010912,227
1009218,29
1011139,229
1009219,227
1009219,303
1009219,233
1009219,240
1009219,249
1009219,32
1009219,299
1009219,154
1009219,336
1009219,271
1009219,279
1009219,280
1009220,116
1009220,314
1009220,303
1009220,231
1009220,234
1009220,310
1009220,320
1009220,296
1009220,238
1009220,248
1009220,302
1009220,251
1009220,252
1009220,315
1009220,29
1009220,317
1009220,151
1009220,37
1009220,337
1009220,333
1010914,251
1017575,336
1009223,227
1009223,310
1009223,249
1009223,251
1009223,32
1009223,154
1009223,308
1010338,310
1010338,238
1010338,318
1010338,240
1010338,248
1010338,302
1010338,315
1010338,255
1010338,311
1010338,37
1010338,337
1010338,333
1010338,336
1010338,269
1010338,305
1010338,277
1011096,37
1009224,296
1009224,37
1009224,269
1009224,270
1009224,271
1009224,294
1011095,270
1011027,116
1011027,293
1011052,302
1010143,219
1011258,305
1009688,249
1009227,151
1009261,227
1009261,315
1009536,303
1009536,302
1010813,233
1010813,308
1009231,316
1009232,37
1009232,271
1009233,303
1009234,116
1009234,238
1010756,212
1009733,318
1009733,249
1009733,270
1009733,316
1009239,116
1009239,29
1010809,318
1009241,238
1009241,318
1009241,252
1009241,151
1009241,271
1009241,305
1010823,302
1010823,255
1010823,269
1010823,277
1010676,238
1010676,59
1010676,277
1009243,116
1009243,227
1009243,303
1009243,233
1009243,310
1009243,238
1009243,318
1009243,240
1009243,246
1009243,248
1009243,249
1009243,302
1009243,252
1009243,29
1009243,32
1009243,37
1009243,299
1009243,263
1009243,154
1009243,336
1009245,116
1009245,318
1009245,269
1009245,273
1009245,277
1011353,294
1009251,231
1009252,302
1009252,309
1009255,246
1009255,248
1009255,154
1009255,295
1009255,269
1009255,276
1009244,252
1009244,270
1009257,116
1009257,227
1009257,303
1009257,233
1009257,310
1009257,238
1009257,318
1009257,240
1009257,245
1009257,246
1009257,248
1009257,249
1009257,302
1009257,252
1009257,29
1009257,317
1009257,32
1009257,299
1009257,263
1009257,154
1011385,302
1011385,308
1009258,238
1009258,318
1009258,252
1009258,37
1009258,336
1009258,271
1009258,305
1010774,336
1010719,318
1010719,309
1011001,318
1011333,59
1009453,116
1009453,302
1009453,251
1009453,271
1009453,273
1009262,116
1009262,238
1009262,318
1009262,248
1009262,302
1009262,252
1009262,29
1009262,37
1009262,263
1009262,266
1009262,336
1009262,269
1009262,271
1009262,59
1009262,273
1011367,318
1011367,273
1010907,318
1010907,308
1009265,246
1011387,318
1011020,295
1011020,269
1009266,37
1009267,116
1009267,303
1009267,233
1009267,246
1009267,248
1009267,302
1009267,252
1009267,319
1009267,271
1009267,316
1009267,279
1009268,320
1009268,238
1009268,318
1009268,302
1009268,251
1009268,334
1009268,298
1009268,319
1009268,336
1009268,269
1009268,309
1009268,316
1009268,308
1009268,306
1009269,227
1009269,29
1009270,296
1009270,37
1009270,276
1011037,293
1011037,296
1011037,239
1010890,151
1010890,319
1010890,308
1010717,269
1010717,277
1011023,302
1011023,271
1011023,309
1011071,151
1009271,227
1009271,248
1009271,263
1009271,270
1017583,336
1011142,229
1009274,318
1009274,29
1009274,273
1009281,116
1009281,233
1009281,318
1009281,248
1009281,287
1009281,251
1009281,154
1009281,269
1009281,270
1009281,271
1009276,332
1009276,302
1009276,336
1009276,270
1009282,116
1009282,310
1009282,235
1009282,296
1009282,238
1009282,318
1009282,302
1009282,315
1009282,29
1009282,317
1009282,255
1009282,311
1009282,154
1009282,266
1009282,336
1009282,270
1009282,271
1009282,309
1009282,219
1009282,277
1011235,302
1009277,227
1009277,303
1009277,238
1009277,318
1009277,334
1009277,32
1009277,298
1009277,154
1009277,336
1009277,279
1009279,311
1009280,318
1010677,302
1009283,238
1009283,252
1010735,229
1010735,235
1010735,295
1009284,318
1009284,154
1009284,269
1010785,255
1010787,151
1011072,318
1011072,302
1011072,252
1011072,255
1011072,273
1011060,336
1009287,231
1009287,269
1009288,318
1009288,245
1009288,302
1009288,255
1009288,311
1009288,154
1009288,269
1009288,59
1009288,305
1011082,298
1010701,333
1010701,337
1009310,227
1009310,303
1009310,310
1009310,318
1009310,245
1009310,302
1009310,317
1009310,299
1009310,336
1009310,269
1009310,270
1009310,273
1009310,305
1009310,316
1009310,308
1009310,306
1009310,279
1009292,227
1010671,116
1010807,233
1011061,235
1010771,234
1010771,249
1010771,251
1010771,252
1010771,154
1009294,302
1009294,251
1009295,227
1009295,249
1009295,308
1009297,116
1009297,320
1009297,238
1009297,302
1009297,29
1009297,255
1009297,154
1009298,248
1009299,116
1009299,233
1009299,234
1009299,296
1009299,238
1009299,318
1009299,240
1009299,246
1009299,248
1009299,302
1009299,287
1009299,251
1009299,252
1009299,29
1009299,255
1009299,154
1009299,319
1009299,269
1009299,270
1009299,271
1009301,318
1009301,302
1009301,334
1009301,308
1011233,302
1009335,116
1011213,32
1009303,337
1009303,333
1010868,233
1010868,246
1009305,229
1009305,271
1009306,116
1009306,320
1009306,302
1009306,32
1009306,151
1009306,305
1009470,302
1009470,59
1009307,239
1009309,116
1009309,227
1009309,240
1009309,246
1009309,249
1009309,251
1009309,334
1009309,154
1009309,280
1011177,229
1011177,252
1009229,303
1011356,302
1009539,116
1009539,234
1009539,240
1009539,246
1009539,287
1009539,154
1009539,319
1009539,269
1010670,305
1009312,229
1009312,234
1009312,318
1009312,302
1009312,29
1009312,255
1009312,336
1009312,270
1009312,271
1009313,227
1009313,303
1009313,310
1009313,318
1009313,249
1009313,302
1009313,37
1009313,299
1009313,154
1009313,305
1009313,308
1009313,306
1009313,279
1009313,280
1010763,229
1010763,293
1010763,235
1010763,294
1010832,302
1009315,233
1009315,246
1009315,154
1009316,318
1009316,255
1009316,269
1009316,273
1009316,277
1011285,154
1009317,310
1010925,302
1009318,303
1009318,238
1009318,302
1009318,59
1009318,219
1009318,277
1009320,310
1009320,302
1009320,309
1011055,32
1009321,37
1009321,295
1009321,294
1011144,229
1009322,252
1010927,238
1010927,266
1009324,116
1009324,318
1009324,245
1009324,269
1009324,276
1010731,318
1010731,334
1010702,318
1010702,302
1010702,269
1010702,305
1010928,252
1011420,116
1011420,302
1011420,255
1009328,296
1010743,293
1010743,295
1009330,29
1011299,293
1011299,315
1011299,319
1011299,295
1011299,336
1011299,269
1011299,294
1011299,276
1009207,238
1009207,255
1009207,269
1009619,332
1011400,318
1011490,238
1011490,318
1011490,302
1011490,317
1011490,255
1011490,154
1011490,269
1011490,273
1010821,318
1010821,302
1010821,255
1010821,269
1010821,277
1009336,252
1009336,263
1009336,154
1009486,116
1009486,318
1009486,252
1009486,270
1009337,116
1009337,227
1009337,303
1009337,233
1009337,240
1009337,246
1009337,248
1009337,249
1009337,252
1009337,29
1009337,299
1009337,154
1009337,276
1009337,280
1009338,314
1009338,231
1009338,234
1009338,310
1009338,296
1009338,239
1009338,318
1009338,246
1009338,302
1009338,251
1009338,315
1009338,37
1009338,154
1009338,336
1009338,270
1009338,309
1009338,273
1009338,305
1010808,238
1010808,318
1010808,273
1010351,116
1010678,303
1010678,251
1011371,255
1011371,277
1009342,37
1009342,271
1009343,310
1009343,296
1009343,318
1009343,302
1009343,29
1009343,37
1009343,336
1009343,269
1009343,271
1009343,273
1009343,305
1009343,277
1010759,238
1010759,302
1010759,277
1011300,293
1011300,246
1010703,212
1010930,252
1009347,116
1009347,305
1009349,227
1009349,154
1011428,310
1011428,302
1011428,298
1011428,308
1011428,306
1011428,279
1010373,302
1009351,116
1009351,303
1009351,296
1009351,318
1009351,297
1009351,248
1009351,302
1009351,251
1009351,315
1009351,29
1009351,317
1009351,255
1009351,311
1009351,37
1009351,154
1009351,266
1009351,212
1009351,295
1009351,269
1009351,270
1009355,238
1009355,318
1009355,273
1010722,318
1010722,255
1009356,116
1009356,233
1009356,234
1009356,296
1009356,238
1009356,318
1009356,240
1009356,248
1009356,251
1009356,252
1009356,29
1009356,255
1009356,37
1009356,154
1009356,336
1009356,269
1009356,270
1009356,271
1009356,277
1010932,336
1010675,277
1009357,227
1009357,303
1009357,154
1009358,37
1009359,234
1009359,318
1009359,336
1009360,116
1009362,116
1009362,227
1009362,303
1009362,233
1009362,310
1009362,238
1009362,318
1009362,240
1009362,246
1009362,248
1009362,249
1009362,302
1009362,252
1009362,32
1009362,299
1009362,263
1009362,154
1009362,277
1009362,316
1009362,308
1010758,315
1009363,315
1009363,295
1009364,116
1009365,238
1009365,315
1009365,334
1009365,337
1009365,333
1009365,295
1009365,336
1009365,269
1009365,323
1009366,116
1009366,303
1009366,233
1009366,234
1009366,296
1009366,238
1009366,318
1009366,240
1009366,287
1009366,252
1009366,29
1009366,255
1009366,37
1009366,154
1009366,270
1009366,271
1009366,309
1009366,273
1009366,305
1009366,277
1009367,310
1009367,238
1009367,302
1009367,29
1009367,255
1009367,311
1009367,151
1009367,336
1009367,271
1009367,59
1009367,309
1009367,305
1009368,116
1009368,303
1009368,231
1009368,233
1009368,234
1009368,310
1009368,296
1009368,238
1009368,239
1009368,318
1009368,245
1009368,249
1009368,302
1009368,251
1009368,315
1009368,29
1009368,317
1009368,255
1009368,37
1009368,154
1009487,318
1009487,309
1009538,310
1009538,302
1009538,315
1009538,269
1009372,233
1009372,238
1009372,318
1009372,332
1009372,302
1009372,251
1009372,252
1009372,255
1009372,154
1009372,270
1009372,271
1009372,59
1009372,305
1010766,238
1011288,332
1011288,305
1011343,251
1011343,308
1009327,227
1009327,233
1009327,310
1009327,240
1009327,246
1009327,249
1009327,317
1009327,32
1009327,299
1009327,154
1009327,271
1009327,316
1009327,308
1010667,303
1009378,318
1009378,302
1009378,255
1009378,336
1009378,269
1009378,273
1009378,305
1011105,318
1011105,302
1009376,310
1009376,318
1009376,302
1009376,269
1009376,309
1009376,273
1009630,251
1009630,269
1009630,273
1009380,154
1011033,238
1009381,116
1009381,227
1009381,303
1009381,233
1009381,240
1009381,249
1009381,255
1009381,299
1009381,154
1009381,280
1010936,227
1009382,116
1009382,310
1009382,302
1009382,251
1009382,252
1009382,29
1009382,299
1009382,154
1009382,309
1010760,318
1010760,302
1010760,255
1010760,269
1010760,309
1010760,273
1010760,277
1011081,269
1009384,314
1009384,239
1009384,252
1011386,227
1011386,302
1009385,116
1009385,334
1009385,336
1009385,269
1009385,294
1009385,276
1010783,255
1009389,116
1009389,238
1009389,336
1009389,270
1009389,271
1009389,59
1009389,305
1009508,227
1009508,310
1009508,245
1009508,249
1009508,302
1009508,251
1009508,317
1009508,154
1009508,336
1009508,270
1009508,271
1009508,316
1009508,308
1009508,306
1009390,318
1009390,270
1010818,318
1010818,255
1010818,269
1010818,277
1011147,229
1011080,296
1011080,212
1009391,258
1011148,269
1011327,59
1009393,37
1009393,308
1011100,299
1011100,269
1011100,308
1009398,297
1009398,248
1011092,233
1011092,246
1009399,116
1009399,227
1009399,303
1009399,32
1009399,271
1011421,318
1010450,310
1010450,309
1009402,116
1009402,249
1009402,37
1009402,271
1009402,276
1011257,318
1009403,252
1009403,151
1009404,332
1009404,252
1009404,270
1011414,302
1009405,249
1009405,263
1009405,154
1009405,270
1009406,269
1009407,116
1009407,233
1009407,318
1009407,302
1009407,271
1009407,309
1009407,273
1009408,233
1009408,240
1009408,246
1009408,248
1009408,252
1011145,229
1009215,314
1009215,310
1009215,296
1009215,238
1009215,318
1009215,302
1009215,266
1009215,336
1009215,269
1009215,271
1009215,59
1009215,273
1009215,305
1011068,334
1011068,279
1010726,297
1010726,60
1010851,302
1010805,334
1010352,318
1010352,269
1010352,273
1009509,227
1009509,246
1009509,252
1009509,270
1009413,299
1009413,308
1009413,279
1010867,239
1010942,302
1010942,251
1009415,227
1009415,310
1009415,302
1009415,317
1009415,334
1009415,336
1009415,316
1009415,279
1009416,227
1009416,303
1009416,302
1009416,263
1009416,308
1009417,116
1009417,227
1009417,303
1009417,233
1009417,310
1009417,238
1009417,249
1009417,302
1009417,251
1009417,311
1009417,299
1009417,263
1009417,154
1009417,270
1009417,271
1009417,309
1009417,316
1009417,308
1009417,306
1010944,227
1010945,251
1010904,29
1010904,295
1010904,294
1009420,302
1009420,219
1009421,116
1011243,273
1009423,276
1011026,293
1011026,239
1011026,246
1011026,252
1009424,252
1009424,154
1011335,238
1011335,318
1011335,302
1011335,315
1011335,317
1011335,255
1011335,269
1011335,316
1009735,227
1009425,227
1009427,116
1009427,318
1009427,32
1009427,273
1009708,116
1009708,238
1009708,252
1009708,258
1009708,151
1009708,154
1009708,266
1009708,271
1009708,305
1010367,239
1010367,263
1010367,270
1009434,227
1011305,334
1011305,295
1011305,276
1009490,318
1009490,252
1009490,151
1009490,266
1009490,305
1009438,238
1009438,333
1009438,337
1009438,295
1009438,269
1009438,323
1009438,294
1009438,276
1011399,251
1009439,154
1011241,318
1011184,276
1009440,302
1009440,271
1009440,309
1010681,302
1010681,299
1010924,212
1009530,227
1009445,318
1009445,251
1009447,227
1009447,251
1009447,252
1009447,299
1009447,154
1009447,308
1010682,238
1010682,302
1010682,336
1010682,59
1010682,305
1010682,277
1011220,318
1011220,246
1011220,302
1011220,336
1011220,273
1009410,227
1009410,303
1009448,116
1009448,246
1009449,255
1011019,271
1010691,238
1010691,316
1011370,238
1009452,314
1009452,238
1009452,246
1009452,255
1009452,37
1009452,59
1009451,229
1009451,293
1009451,235
1009451,295
1010362,318
1010362,302
1010362,37
1010362,273
1009454,116
1009454,151
1009454,219
1011088,266
1011088,321
1009456,227
1009459,116
1009459,234
1009459,296
1009459,238
1009459,318
1009459,240
1009459,249
1009459,287
1009459,315
1009459,317
1009459,255
1009459,37
1009459,154
1009459,266
1009459,269
1009459,270
1009459,271
1009459,309
1009459,305
1009459,277
1009460,37
1010347,116
1010347,336
1011244,318
1011244,305
1017577,336
1011210,255
1011056,296
1011056,32
1010826,269
1009464,252
1009465,227
1009465,303
1009465,318
1009465,251
1009465,32
1009465,299
1009465,263
1009465,154
1009465,308
1010953,227
1010954,251
1009466,116
1009466,303
1009466,233
1009466,310
1009466,238
1009466,318
1009466,302
1009466,315
1009466,317
1009466,311
1009466,336
1009466,269
1009466,271
1009466,309
1009466,308
1009466,306
1009468,318
1009468,336
1009468,277
1009469,116
1009469,233
1009469,29
1009469,32
1009469,37
1009469,295
1009469,294
1009547,302
1010365,229
1010365,271
1011086,306
1011336,116
1011336,303
1011336,233
1011336,240
1011336,246
1011336,248
1011336,302
1011336,252
1011336,32
1011336,263
1011336,270
1011336,271
1011336,273
1011336,308
1011336,279
1011336,280
1010683,238
1010683,255
1010683,32
1010683,269
1011271,251
1009471,116
1009471,318
1009471,245
1009471,249
1009471,302
1009471,37
1009471,319
1009471,269
1009471,309
1009471,273
1010684,116
1010684,255
1010684,32
1010684,269
1009472,227
1009472,320
1009472,318
1009472,246
1009472,248
1009472,249
1009472,29
1009472,37
1009472,299
1009472,263
1009472,154
1009472,336
1009472,270
1009472,271
1009472,277
1009472,308
1009472,279
1010349,302
1009473,303
1009473,269
1009473,309
1010797,238
1009474,251
1009325,318
1009325,251
1009325,255
1009325,269
1009325,273
1009476,227
1009476,296
1009476,302
1009476,29
1009476,306
1009476,279
1009477,116
1009477,229
1009477,293
1009477,29
1009477,255
1009477,32
1009477,37
1009477,295
1009477,269
1009477,294
1009477,276
1017078,336
1009480,116
1009480,235
1009480,302
1009480,37
1009480,154
1009480,309
1010757,255
1009482,318
1009483,154
1010957,252
1009488,154
1010873,302
1010873,305
1009492,238
1009492,318
1009493,116
1009493,246
1009493,302
1009493,255
1009493,32
1009493,273
1009494,318
1009494,302
1009495,248
1009491,116
1009491,252
1009491,154
1009491,270
1010734,229
1010762,235
1011179,303
1011179,318
1011179,302
1011179,279
1009499,227
1009499,233
1009499,249
1009499,251
1009499,29
1009499,32
1009499,154
1009499,336
1009499,276
1009501,154
1010770,233
1010770,263
1010770,271
1011151,229
1011152,229
1011234,302
1009503,252
1011030,318
1011030,302
1011030,299
1009504,227
1009504,303
1009504,238
1009504,318
1009504,246
1009504,249
1009504,252
1009504,29
1009504,37
1009504,299
1009504,154
1009504,270
1009504,271
1009504,277
1009504,306
1009505,32
1009507,238
1009507,332
1009507,299
1009512,116
1009512,227
1009512,233
1009512,318
1009512,240
1009512,246
1009512,248
1009512,249
1009512,302
1009512,251
1009512,252
1009512,29
1009512,37
1009512,299
1009512,263
1009512,154
1009512,316
1009512,308
1009512,306
1009512,279
1009513,302
1009513,29
1009514,238
1009514,271
1009515,116
1009515,233
1009515,238
1009515,318
1009515,37
1009515,154
1009515,59
1009515,280
1009519,29
1011207,246
1011207,302
1009520,302
1009522,246
1009522,248
1009522,32
1009522,263
1009522,270
1014528,318
1014528,336
1014528,269
1014528,309
1009523,116
1009523,293
1009523,233
1009523,29
1009523,37
1009523,270
1009523,271
1010778,229
1010778,295
1010778,269
1010778,294
1010778,276
1009387,310
1009524,227
1009524,310
1009524,318
1009524,249
1009524,302
1009524,251
1009524,154
1009524,336
1009524,309
1009524,273
1010964,227
1009430,310
1009430,245
1009430,248
1009430,251
1009430,334
1009430,336
1009430,276
1009430,316
1009526,238
1010817,318
1010817,255
1010817,269
1010817,273
1010817,277
1011154,229
1009531,37
1009531,271
1009532,303
1011360,310
1011360,297
1011360,302
1011360,336
1011360,60
1011436,296
1011436,297
1011436,302
1011436,60
1011155,229
1009535,116
1009535,238
1009535,302
1009535,255
1009535,154
1010837,336
1011376,310
1011376,302
1011376,309
1009537,116
1009537,238
1009379,296
1009379,248
1009379,255
1009379,37
1009542,227
1009542,233
1009542,246
1009542,249
1009542,280
1009543,252
1009543,263
1009544,154
1009545,270
1010744,293
1010744,311
1010744,295
1010744,294
1010692,303
1010692,302
1010692,299
1009546,116
1009546,227
1009546,303
1009546,233
1009546,238
1009546,318
1009546,246
1009546,248
1009546,249
1009546,302
1009546,251
1009546,252
1009546,29
1009546,37
1009546,299
1009546,263
1009546,154
1009546,336
1009546,270
1009546,271
1010967,227
1010344,229
1010344,293
1010344,294
1010344,276
1010747,238
1009552,238
1009554,227
1009554,303
1009554,252
1009554,334
1009554,299
1009554,263
1009554,154
1009554,308
1010969,227
1010969,251
1010970,251
1011126,277
1011156,229
1009560,302
1009560,29
1009560,269
1009561,227
1011048,252
1011048,154
1011426,332
1009562,116
1009562,227
1009562,234
1009562,310
1009562,318
1009562,251
1009562,315
1009562,29
1009562,37
1009562,154
1009562,336
1009562,270
1009562,271
1009562,273
1009562,219
1010790,277
1011230,252
1009581,116
1009581,310
1009581,318
1009581,334
1009581,308
1011368,318
1011368,287
1009568,263
1009570,251
1009570,299
1009570,154
1009570,306
1009570,279
1011323,240
1011323,251
1011323,154
1011323,306
1009571,296
1009571,238
1009571,318
1009571,255
1009571,269
1009571,273
1009571,277
1009572,116
1009572,231
1009572,302
1010345,302
1009573,116
1009573,32
1010973,227
1009576,302
1009576,29
1009577,302
1009577,315
1009577,59
1009577,309
1009577,305
1009577,277
1009578,269
1009579,154
1009228,302
1009228,255
1009228,336
1009228,309
1009580,227
1009580,238
1009580,249
1009580,32
1009580,154
1009583,116
1009583,314
1009583,233
1009583,296
1009583,238
1009583,318
1009583,297
1009583,302
1009583,29
1009583,37
1009583,269
1009583,270
1009583,271
1009583,277
1009583,280
1011392,318
1011392,297
1011392,302
1011093,276
1009585,116
1009585,238
1009585,255
1009585,305
1009587,151
1009588,235
1009588,37
1010848,255
1010848,32
1009592,116
1009592,229
1009592,235
1009592,296
1009592,302
1009592,252
1009592,29
1009592,255
1009592,37
1009592,212
1009592,271
1009592,309
1009592,294
1010898,302
1010898,255
1010898,309
1011265,302
1011223,296
1011223,297
1011223,60
1009598,227
1011157,229
1009599,318
1009599,315
1009599,269
1009599,271
1011057,318
1011057,269
1011057,273
1011057,277
1010761,29
1009603,276
1009606,296
1009606,302
1009606,269
1010693,302
1010693,255
1010705,336
1010833,318
1010694,302
1009157,317
1009157,305
1009609,302
1009610,116
1009610,314
1009610,233
1009610,234
1009610,310
1009610,296
1009610,238
1009610,318
1009610,240
1009610,332
1009610,245
1009610,246
1009610,302
1009610,251
1009610,252
1009610,255
1009610,258
1009610,151
1009610,37
1009610,333
1014858,154
1016181,336
1016181,321
1010795,255
1009608,310
1009608,238
1009608,318
1009608,302
1009608,315
1009608,317
1009608,255
1009608,266
1009608,336
1009608,269
1009608,270
1009608,273
1009608,305
1010794,332
1009614,116
1009614,246
1009614,248
1009614,263
1009616,318
1010860,302
1010860,336
1009618,255
1011307,336
1010733,293
1010733,311
1010733,295
1010733,294
1009621,276
1010764,229
1011084,270
1010828,238
1010828,318
1010828,273
1009625,296
1009625,318
1009625,317
1009625,334
1009625,316
1010901,269
1010326,273
1009626,154
1009628,231
1009629,116
1009629,227
1009629,303
1009629,233
1009629,310
1009629,238
1009629,318
1009629,240
1009629,245
1009629,246
1009629,248
1009629,249
1009629,251
1009629,252
1009629,29
1009629,334
1009629,255
1009629,37
1009629,299
1009629,263
1010979,227
1011051,308
1011051,279
1009632,298
1010791,116
1010791,303
1010791,233
1010791,310
1010791,238
1010791,318
1010791,302
1010791,251
1010791,255
1010791,37
1010791,309
1010791,276
1010791,308
1010791,306
1009631,318
1009636,227
1009636,249
1009636,37
1009636,336
1009636,270
1009636,308
1010981,227
1009638,227
1009638,233
1009638,318
1009638,240
1009638,249
1009638,302
1009638,263
1009638,154
1009638,336
1009638,271
1009638,308
1009638,280
1009639,229
1009639,293
1009639,269
1011232,255
1010695,299
1009641,296
1009641,238
1009641,245
1009641,255
1010982,296
1009643,227
1009646,29
1011161,229
1011149,229
1010713,238
1010713,277
1009648,318
1009648,302
1009648,336
1009648,269
1009648,309
1009648,273
1009650,255
1009650,269
1011162,229
1009652,229
1009652,235
1009652,315
1009652,29
1009652,319
1009652,295
1009652,271
1009652,294
1010359,318
1010359,255
1010359,269
1010359,59
1010715,318
1010715,269
1010715,273
1010998,255
1010998,277
1011216,269
1011018,255
1011211,227
1009660,227
1009662,116
1009662,233
1009662,234
1009662,310
1009662,296
1009662,238
1009662,240
1009662,248
1009662,249
1009662,302
1009662,287
1009662,252
1009662,255
1009662,37
1009662,154
1009662,269
1009662,270
1009662,271
1009662,309
1009662,273
1009664,116
1009664,233
1009664,234
1009664,310
1009664,235
1009664,296
1009664,238
1009664,318
1009664,246
1009664,302
1009664,252
1009664,315
1009664,29
1009664,37
1009664,263
1009664,154
1009664,336
1009664,269
1009664,270
1009664,271
1017576,337
1017576,333
1017576,336
1010820,318
1010820,302
1010820,269
1010820,277
1010885,116
1009666,296
1009666,37
1009667,37
1010360,238
1010360,318
1010360,302
1010360,255
1010360,37
1010360,336
1010360,269
1010360,59
1010360,273
1011304,318
1011304,297
1009669,116
1011237,302
1009670,310
1009670,238
1009670,318
1009670,246
1009670,302
1009670,255
1009670,37
1009670,269
1009670,270
1009670,309
1009670,273
1009670,277
1011345,318
1010669,302
1009672,231
1009672,239
1009673,227
1009673,303
1009673,32
1009624,238
1009624,251
1009624,266
1009624,273
1011309,251
1011309,336
1009692,151
1009692,305
1010822,318
1010822,255
1010822,269
1010822,277
1010825,277
1010335,334
1010335,269
1010335,276
1010369,318
1010369,59
1011315,116
1009682,318
1009682,273
1009683,252
1009683,29
1010803,336
1009685,116
1009685,314
1009685,293
1009685,255
1009685,270
1009685,273
1010862,302
1009687,227
1010987,227
1009525,234
1009525,287
1009525,319
1009525,269
1010350,235
1011365,116
1011365,298
1011231,255
1009691,219
1009663,305
1010788,296
1010788,238
1010788,318
1010788,255
1010788,305
1011106,296
1011106,318
1010353,302
1010353,258
1009694,252
1009694,263
1009694,154
1009695,302
1009696,318
1009697,116
1009697,314
1009697,310
1009697,296
1009697,238
1009697,318
1009697,302
1009697,29
1009697,37
1009697,154
1009697,336
1009697,270
1009697,271
1009697,273
1009697,294
1011011,276
1009699,116
1009701,227
1009701,248
1011226,318
1009703,310
1009703,238
1011287,116
1011287,302
1011287,308
1009705,227
1009705,249
1009705,32
1009705,298
1009705,154
1009706,37
1009707,234
1009707,238
1009707,239
1009707,318
1009707,302
1009707,315
1009707,29
1009707,255
1009707,37
1009707,154
1009707,336
1009707,269
1009707,270
1009707,271
1011133,318
1009709,227
1010348,318
1010853,310
1010853,59
1010853,309
1009714,238
1009714,318
1009714,273
1009714,316
1009715,227
1010994,227
1011009,255
1010740,296
1010740,238
1010740,318
1010740,302
1010740,255
1010740,336
1010740,309
1010740,273
1010740,305
1010740,60
1009717,233
1009717,248
1009717,299
1009717,154
1009717,271
1009717,308
1009718,116
1009718,227
1009718,314
1009718,303
1009718,233
1009718,310
1009718,296
1009718,238
1009718,318
1009718,240
1009718,245
1009718,246
1009718,248
1009718,249
1009718,302
1009718,251
1009718,252
1009718,315
1009718,29
1009718,317
1009719,231
1009719,246
1009719,315
1009719,29
1009719,255
1009719,37
1009719,271
1009720,116
1009720,29
1009720,219
1010737,293
1010737,305
1010884,116
1010883,273
1009722,310
1009722,302
1009722,299
1009722,298
1009722,316
1010738,233
1010738,240
1010738,246
1010738,249
1010738,252
1010738,32
1010738,299
1010738,263
1010738,308
1010738,279
1009724,227
1009724,249
1009724,302
1009724,299
1009724,298
1009724,154
1009724,308
1009724,279
1009725,227
1009725,302
1009725,37
1009725,154
1009725,308
1009726,116
1009726,227
1009726,314
1009726,303
1009726,233
1009726,310
1009726,320
1009726,296
1009726,238
1009726,318
1009726,240
1009726,245
1009726,246
1009726,248
1009726,249
1009726,302
1009726,251
1009726,252
1009726,29
1009726,317
1009734,336
1010996,296
1010698,238
1010698,318
1010698,273
1009738,246
1010841,37
1010780,238